番号,住所,ホール名,状態
1,東京都あきる野市秋川2-1-7,オリエント 秋川店,休業(2020/04/11～2020/05/29)、再開(2020/05/30～)
2,東京都あきる野市小川東1-5-1デルパラビル,デルパラ6 あきる野店,休業(2020/04/27～2020/05/08)、再開(2020/05/09～)
3,東京都あきる野市下代継44-1,パーク 秋川店,休業(2020/04/11～2020/05/25)、再開(2020/05/26～)
4,東京都稲城市矢野口313-7三慶ビル,第一ホール 矢野口店,休業(2020/04/11～2020/05/26)、再開(2020/05/27～)
5,東京都羽村市五ノ神4-14-6,オゼック 羽村店,休業(～2020/05/25)、再開(2020/05/26～)
6,東京都羽村市羽東1-20-1,トワーズ 羽村駅前店,休業(2020/04/11～2020/05/25)、再開(2020/05/26～)
7,東京都羽村市神明台4-2-1,トワーズ 羽村店,休業(2020/04/11～2020/05/25)、再開(2020/05/26～)
8,東京都羽村市小作台3-23-12,トワーズ 小作駅前店,休業(2020/04/11～2020/05/25)、再開(2020/05/26～)
9,東京都葛飾区青戸3-31-8青松ビル,(S)遊劇場3 青戸店,休業(2020/04/11～2020/05/19)、再開(2020/05/20～)
10,東京都葛飾区青戸3-31-7,(S)遊劇場4 青戸店,休業(2020/04/11～2020/06/25)、再開(2020/06/26～)
11,東京都葛飾区新小岩1-41-4NTビル,D'ステーション 新小岩店,休業(2020/04/08～2020/05/25)、再開(2020/05/26～)
12,東京都葛飾区新小岩1-31-5マックスビル,MAX-1 新小岩店,休業(2020/04/08～2020/05/25)、再開(2020/05/26～)
13,東京都葛飾区東立石3-36-3 森永ハイム立石,あかね 立石店,休業(2020/04/23～2020/06/12)、再開(2020/06/13～)
14,東京都葛飾区亀有5-33-2,アカデミー 亀有店,休業(2020/04/11～2020/05/25)、再開(2020/05/26～)
15,東京都葛飾区亀有5-32-5,アクセル 亀有店,休業(2020/04/23～2020/05/25)、再開(2020/05/26～)
16,東京都葛飾区亀有3-22-1,アトラス 亀有店,休業(2020/04/08～2020/05/25)、再開(2020/05/26～)
17,東京都葛飾区亀有5-37-10ハイツBIG-1,アムディ 亀有店,休業(2020/04/30～2020/05/19)、再開(2020/05/20～)
18,東京都葛飾区西新小岩1-9-8,アラジン 新小岩店,休業(～2020/05/26)、再開(2020/05/27～)
19,東京都葛飾区西新小岩1-10-1日拓新小岩駅前ビル,エスパス日拓1300 新小岩北口駅前店,休業(2020/04/08～2020/05/28)、再開(2020/05/29～)
20,東京都葛飾区立石7-2-9,オーパス・ワン 立石店,休業(2020/04/11～2020/05/14)、再開(2020/05/15～)
21,東京都葛飾区東金町1-42-5豊勢金町ビル,サイバー 金町北口店,休業(2020/04/08～2020/05/25)、再開(2020/05/26～)
22,東京都葛飾区新小岩1-30-4,ジャンボ 新小岩店,休業(～2020/05/26)、再開(2020/05/27～)
23,東京都葛飾区小菅4-10-8,センチュリー 綾瀬店,休業(2020/04/22～2020/05/26)、再開(2020/05/27～)
24,東京都葛飾区亀有5-31-9マリトモビル①,ダイナム 亀有店,休業(2020/04/07～2020/05/28)、再開(2020/05/29～)
25,東京都葛飾区金町6-5-8DY金町ビル,ダイナム 金町南口店,休業(2020/04/07～2020/05/28)、再開(2020/05/29～)
26,東京都葛飾区東金町1-43-8アサヒ会館ビル1F,ダイナム 金町北口店,休業(2020/04/07～2020/05/28)、再開(2020/05/29～)
27,東京都葛飾区新小岩1-43-10,ダイナム 新小岩店,休業(2020/04/07～2020/05/28)、再開(2020/05/29～)
28,東京都葛飾区青戸3-32-18,ニューパルコ 青戸店,休業(2020/04/11～2020/05/21)、再開(2020/05/22～)
29,東京都葛飾区西水元1-15-18,ハッピー 水元店,休業(2020/04/09～2020/05/09)、再開(2020/05/10～)
30,東京都葛飾区南水元4-18-7,ビーナス 水元1号店,休業(2020/04/08～2020/05/28)、再開(2020/05/29～)
31,東京都葛飾区水元1-21-15,ビーナス 水元2号店,休業(2020/04/08～2020/05/28)、再開(2020/05/29～)
32,東京都葛飾区高砂3-11-6,ビクトリー 高砂店,休業(2020/04/11～)、再開
33,東京都葛飾区立石4-25-1,プラザ 立石店,休業(2020/04/11～2020/05/27)、再開(2020/05/28～)
34,東京都葛飾区お花茶屋1-19-18ダイアパレス・ステーションプラザお花茶屋,プローバ お花茶屋店,休業(2020/04/08～2020/06/12)、再開(2020/06/13～)
35,東京都葛飾区立石4-27-15,ベガ 立石店,休業(2020/04/22～2020/05/25)、再開(2020/05/26～)
36,東京都葛飾区西新小岩1-10-5,マリオン 新小岩店,休業(2020/04/08～)、再開
37,東京都葛飾区亀有4-1-15マルハン亀有ビル,マルハン 亀有店,休業(2020/04/08～2020/05/28)、再開(2020/05/29～)
38,東京都葛飾区新小岩1-29-1西友B1,マルハン 新小岩店,休業(2020/04/08～2020/05/28)、再開(2020/05/29～)
39,東京都葛飾区奥戸5-17-10,メッセ 奥戸店,休業(2020/04/08～2020/05/25)、再開(2020/05/26～)
40,東京都葛飾区立石1-11-8,ラウェール 立石店,休業(2020/04/22～2020/05/25)、再開(2020/05/26～)
41,東京都葛飾区堀切4-10-4,一福遊技場 堀切店,休業(2020/04/13～2020/05/26)、再開(2020/05/27～)
42,東京都葛飾区小菅4-9-11,宇宙センター 綾瀬店,休業(2020/04/25～2020/05/06)、再開(2020/05/07～)
43,東京都葛飾区堀切4-57-11,宇宙センター 堀切店,休業(2020/04/25～2020/05/06)、再開(2020/05/07～)
44,東京都葛飾区お花茶屋1-18-11田邑ビル,玉えもん お花茶屋店,休業(2020/04/25～2020/05/06)、再開(2020/05/07～)
45,東京都葛飾区高砂5-29-9原ビル,二楽ホール 高砂店,休業(2020/04/11～)、再開
46,東京都葛飾区青戸3-32-3,遊劇場2 青戸店,休業(2020/04/11～2020/05/19)、再開(2020/05/20～)
47,東京都江戸川区一之江1-4-3セランビル2F,(S)サンタノ 一之江店,休業(2020/04/27～2020/05/06、2020/05/11～)、再開
48,東京都江戸川区西小岩1-23-9マルハン小岩スロット館ビル,(S)マルハン 小岩スロット館,休業(2020/04/08～2020/05/28)、再開(2020/05/29～)
49,東京都江戸川区西小岩1-23-13植草ビルB1,(S)ロックファイブ 小岩店,休業(2020/04/13～2020/05/25)、再開(2020/05/26～)
50,東京都江戸川区北小岩6-15-19第2平沼ビル,(S)平沼プラザ 小岩店,休業(～2020/05/26)、再開(2020/05/27～)
51,東京都江戸川区篠崎町7-26-10①,123 篠崎店,休業(2020/04/08～2020/05/26)、再開(2020/05/27～)
52,東京都江戸川区西葛西5-5-18KSビル,SANSA 西葛西店,休業(～2020/05/26)、再開(2020/05/27～)
53,東京都江戸川区東葛西5-1-12,ひっぽ 葛西店,休業(～2020/05/25)、再開(2020/05/26～)
54,東京都江戸川区西葛西5-5-3第7中川ビル,アイオン 西葛西北口店,休業(2020/04/08～2020/05/25)、再開(2020/05/26～)
55,東京都江戸川区船堀4-8-1LSビル,アトラス2 船堀店,休業(2020/04/25～2020/05/25)、再開(2020/05/26～)
56,東京都江戸川区一之江3-1-16,ウェスタン 一之江店,休業(2020/04/28～2020/05/06)、再開(2020/05/07～)
57,東京都江戸川区中葛西3-34-13,ウェスタン 葛西店,休業(2020/04/28～2020/05/06)、再開(2020/05/07～)
58,東京都江戸川区南葛西4-1-818山秀ビル,ウェスタン 環七南葛西店,休業(2020/04/28～2020/05/06)、再開(2020/05/07～)
59,東京都江戸川区西葛西5-6-1野口ビル,ウェスタン 西葛西店,休業(2020/04/28～2020/05/06)、再開(2020/05/07～)
60,東京都江戸川区本一色3-40-15オックスビル,オックス 本一色店,休業(～2020/05/25)、再開(2020/05/26～)
61,東京都江戸川区瑞江2-1-9キートンビル,オリエンタル・パサージュ 瑞江2店,休業(2020/04/08～2020/05/25)、再開(2020/05/26～)
62,東京都江戸川区西小岩1-27-31,カイノスネオス 小岩店,休業(～2020/05/25)、再開(2020/05/26～)
63,東京都江戸川区一之江8-18-2大塚ビル,ガイア 一之江店,休業(2020/04/08～2020/05/25)、再開(2020/05/26～)
64,東京都江戸川区瑞江2-1-14長塚第2ビル,ガイア 瑞江店,休業(2020/04/08～2020/05/25)、再開(2020/05/26～)
65,東京都江戸川区平井7-7-9,キコーナ 平井店,休業(2020/04/08～2020/05/28)、再開(2020/05/29～)
66,東京都江戸川区篠崎町7-27-20共生総業ビル,キャプテン 篠崎店,休業(2020/04/22～2020/05/25)、再開(2020/05/26～)
67,東京都江戸川区南篠崎町3-7-3ラコール瑞江,キングパレス 瑞江店,休業(2020/04/25～2020/05/26)、再開(2020/05/27～)
68,東京都江戸川区西小岩1-22-18パロマビル,クロノス 小岩店,休業(～2020/05/25)、再開(2020/05/26～)
69,東京都江戸川区船堀1-7-9コアビル,コア21 船堀店,休業(2020/04/25～2020/05/25)、再開(2020/05/26～)
70,東京都江戸川区一之江8-8-7,サンコー 一之江店,休業(2020/04/25～2020/05/10、2020/05/14～2020/05/25)、再開(2020/05/26～)
71,東京都江戸川区一之江1-4-3セランビル1F,サンタノ 一之江店,休業(2020/04/27～2020/05/06、2020/05/11～)、再開
72,東京都江戸川区大杉5-36-11サンパレスビル,サンパレス 環七大杉店,休業(2020/04/21～2020/05/15、2020/05/21～2020/05/24)、再開(2020/05/25～)
73,東京都江戸川区篠崎町7-31-15藤和シティホームズ篠崎,ザ・シティ／ベルシティ 篠崎店,休業(2020/04/08～2020/05/26)、再開(2020/05/27～)
74,東京都江戸川区瑞江2-5-16サングリーンビル,ニュースター 瑞江店,休業(2020/04/25～2020/05/15)、再開(2020/05/16～)
75,東京都江戸川区船堀1-8-14,ニュー今津屋 船堀店,休業(2020/04/25～2020/05/06、2020/05/13～2020/05/25)、再開(2020/05/26～)
76,東京都江戸川区中葛西5-42-6竹乃湯ビル,パラッツォ 葛西店,休業(2020/04/08～2020/05/25)、再開(2020/05/26～)
77,東京都江戸川区西葛西3-16-16佐治商事ビル,ビッグベアー 西葛西店,休業(2020/04/25～2020/05/26)、再開(2020/05/27～)
78,東京都江戸川区平井4-12-19,プライム 平井店,休業(2020/04/21～2020/05/15、2020/05/21～2020/05/24)、再開(2020/05/25～)
79,東京都江戸川区北葛西2-11-21,ホワイトベアー 葛西店,休業(2020/04/11～2020/05/25)、再開(2020/05/26～)
80,東京都江戸川区新堀2-1-2,ポニー 新堀店,休業(～2020/05/25)、再開(2020/05/26～)
81,東京都江戸川区中葛西3-37-12,マックス 葛西店,休業(2020/04/08～2020/05/26)、再開(2020/05/27～)
82,東京都江戸川区西小岩1-21-19マルハン小岩パチンコ館ビル,マルハン 小岩パチンコ館,休業(2020/04/08～2020/05/28)、再開(2020/05/29～)
83,東京都江戸川区西葛西6-16-8,メッセ 西葛西店,休業(2020/04/08～2020/05/25)、再開(2020/05/26～)
84,東京都江戸川区西小岩1-21-2ジャート小岩ビル,彩の風 小岩店,閉店(～2020/04/26)
85,東京都江戸川区中葛西3-35-6,将軍 葛西店,休業(2020/04/11～2020/05/28)、再開(2020/05/29～)
86,東京都江戸川区北小岩6-14-5第15平沼ビル,平沼プラザ2 小岩店,休業(～2020/05/26)、再開(2020/05/27～)
87,東京都江戸川区平井4-8-3,夢らんど 平井店,休業(2020/04/13～2020/05/26)、再開(2020/05/27～)
88,東京都江東区東陽3-6-12,(S)スロットM 東陽町店,休業(2020/04/11～2020/05/29)、再開(2020/05/30～)
89,東京都江東区東陽3-10-9,(S)プリマクラブ 東陽町店,休業(2020/04/08～2020/05/25)、再開(2020/05/26～)
90,東京都江東区大島5-45-7五分利屋ビル,(S)プリマクラブX 大島店,休業(2020/04/25～2020/05/06)、再開(2020/05/07～)
91,東京都江東区東雲1-6-13ウェアハウス東雲ビル1F,123+N 東雲店,休業(2020/04/08～2020/05/26)、再開(2020/05/27～)
92,東京都江東区門前仲町2-3-4ミナミビル,M.FACTORY 門前仲町店,休業(2020/04/25～2020/05/26)、再開(2020/05/27～)
93,東京都江東区森下2-2-8朝日ビル,アサヒ 森下店,休業(2020/04/25～)、再開
94,東京都江東区住吉2-3-8,アップル 住吉店,休業(2020/04/08～2020/05/29)、再開(2020/05/30～)
95,東京都江東区北砂3-33-19,アップル 北砂店,休業(2020/04/08～2020/05/26)、再開(2020/05/27～)
96,東京都江東区亀戸3-38-13,ガーデン 亀戸店,休業(2020/04/28～2020/05/06、2020/05/12～2020/05/13)、再開(2020/05/14～)
97,東京都江東区大島5-9-7,ガイア 大島店,休業(2020/04/08～2020/05/25)、再開(2020/05/26～)
98,東京都江東区東雲1-10-25,グランドシップ 東雲店,休業(2020/04/08～2020/05/26)、再開(2020/05/27～)
99,東京都江東区大島7-22-18扶桑大島ビル,サークル 大島店,休業(2020/04/08～2020/05/30)、再開(2020/05/31～)
100,東京都江東区亀戸6-62-8,サントク 亀戸東口店,休業(2020/04/11～2020/05/25)、再開(2020/05/26～)
101,東京都江東区大島6-10-15,シップ 大島店,休業(2020/04/08～2020/05/25)、再開(2020/05/26～)
102,東京都江東区亀戸5-2-5山形屋ビル,スターダスト 亀戸店,休業(2020/04/25～2020/05/06、2020/05/13～2020/05/25)、再開(2020/05/26～)
103,東京都江東区門前仲町2-3-1,スターダスト 門前仲町店,休業(2020/04/25～2020/05/06、2020/05/13～2020/05/25)、再開(2020/05/26～)
104,東京都江東区亀戸2-22-14,スパークル 亀戸店,休業(2020/04/08～2020/05/27)、再開(2020/05/28～)
105,東京都江東区東陽4-1-20皆進ビル,ダイコクサン 東陽町店,休業(2020/04/25～)、再開
106,東京都江東区北砂3-30-1,ダイナム 砂町銀座店,休業(2020/04/07～2020/05/28)、再開(2020/05/29～)
107,東京都江東区東陽3-6-9,トーヨーホール 東陽町店,休業(～2020/05/26)、再開(2020/05/27～)
108,東京都江東区大島5-35-3,バンビー 大島店,休業(2020/04/11～2020/05/25)、再開(2020/05/26～)
109,東京都江東区富岡1-8-17,バンビー 門前仲町店,休業(2020/04/11～2020/05/25)、再開(2020/05/26～)
110,東京都江東区東陽2-2-1福島ビル,パーラーメッセ 東陽町店,休業(2020/04/08～2020/05/06)、再開
111,東京都江東区北砂7-3-11,パトリオットM 北砂店,休業(2020/04/08～2020/05/26)、再開(2020/05/27～)
112,東京都江東区豊洲5-2-11,マリックス寿 豊洲店,閉店(～2020/04)
113,東京都江東区森下1-12-5森下ビル,三栄ホール 森下店,休業(2020/04/22～2020/05/25)、再開(2020/05/26～)
114,東京都江東区亀戸2-27-12三徳ビル,三徳ホール 本店,休業(2020/04/22～2020/05/25)、再開(2020/05/26～)
115,東京都港区新橋3-20-1東和J'sビル,UNO 新橋店,休業(2020/04/13～2020/05/25)、再開(2020/05/26～)
116,東京都港区芝5-23-11,アルファファイブ 田町店,休業(2020/04/08～2020/05/26)、再開(2020/05/27～)
117,東京都港区芝浦3-12-181F,エイト 芝浦店,休業(2020/04/08～2020/05/26)、再開(2020/05/27～)
118,東京都港区新橋2-18-2新橋東口B＆Vビル,エスタディオ 新橋店,休業(2020/04/08～2020/05/26)、再開(2020/05/27～)
119,東京都港区赤坂3-9-6日拓赤坂見附駅前ビル,エスパス日拓 赤坂見附駅前新館,休業(2020/04/08～2020/05/28)、再開(2020/05/29～)
120,東京都港区高輪3-26-33秀和ビル,ゴードン 品川店,休業(2020/04/23～2020/05/25)、再開(2020/05/26～)
121,東京都港区高輪4-10-20,スーパーハリウッド 品川店,休業(2020/04/11～2020/05/25)、再開(2020/05/26～)
122,東京都港区芝5-34-7田町センタービル,トップ 田町店,休業(2020/04/08～2020/05/25)、再開(2020/05/26～)
123,東京都港区新橋3-17-21F,トップス 新橋店,休業(2020/04/24～2020/05/26)、再開(2020/05/27～)
124,東京都港区麻布十番2-19-4,ニューマツヤ 麻布店,休業(2020/04/08～2020/05/27)、再開(2020/05/28～)
125,東京都港区麻布十番2-20-5,バンカー 麻布十番店,休業(2020/04/25～2020/05/25)、再開(2020/05/26～)
126,東京都港区新橋3-12-3,ビッグディッパー 新橋1号店,休業(2020/04/08～2020/05/26)、再開(2020/05/27～)
127,東京都港区新橋2-8-12ミクニ新橋第2ビル,ビッグディッパー 新橋2号店,休業(2020/04/08～2020/05/26)、再開(2020/05/27～)
128,東京都港区芝5-22-5①,ピーアーク 三田店,休業(2020/04/08～2020/05/25)、再開(2020/05/26～)
129,東京都港区六本木7-15-13ミナミビル,ミナミ 六本木店,休業(2020/04/23～2020/05/25)、再開(2020/05/26～)
130,東京都荒川区町屋3-1-12,(S)ウインベル イースト スロット 町屋店,休業(2020/04/08～2020/05/29)、再開(2020/05/30～)
131,東京都荒川区西日暮里5-21-7プリミエールビル,(S)ダイナム 西日暮里スロット店,休業(2020/04/07～2020/05/28)、再開(2020/05/29～)
132,東京都荒川区西日暮里5-34-5平松ビル,11号線 西日暮里店,休業(2020/04/20～2020/05/25)、再開(2020/05/26～)
133,東京都荒川区東日暮里5-51-12,BBステーション 日暮里店,休業(2020/04/10～2020/05/26)、再開(2020/05/27～)
134,東京都荒川区東尾久4-33-13,OGU865 尾久店,休業(2020/04/27～2020/05/06)、再開(2020/05/07～)
135,東京都荒川区西日暮里1-37-17,みとや 新三河島店,休業(2020/04/08～2020/05/26)、再開(2020/05/27～)
136,東京都荒川区南千住7-2-8,アカダマ サザンクロス 南千住店,閉店(～2020/04/12)
137,東京都荒川区町屋2-4-15,ウインベル イースト パチンコ 町屋店,休業(2020/04/08～2020/05/29)、再開(2020/05/30～)
138,東京都荒川区荒川6-2-6,ウインベル ウエスト 町屋店,休業(2020/04/08～2020/05/29)、再開(2020/05/30～)
139,東京都荒川区東日暮里5-52-7,キューデン・アネックス 日暮里店,休業(2020/04/08～2020/05/26)、再開(2020/05/27～)
140,東京都荒川区荒川5-19-5,コンサートホール 荒川店,休業(2020/04/08～2020/05/29)、再開(2020/05/30～)
141,東京都荒川区町屋3-7-19池上ビル,サンズ 町屋店,休業(2020/04/27～)、再開
142,東京都荒川区東日暮里1-8-1借楽ビル,サンラッキー 三ノ輪店,休業(2020/04/08～2020/05/26)、再開(2020/05/27～)
143,東京都荒川区西日暮里5-23-5クラウンビル,ダイナム 西日暮里店,閉店(～2020/04/06)
144,東京都荒川区東日暮里5-51-7日暮里宝島ビル,ドットコム 日暮里店,休業(2020/04/25～2020/05/15)、再開(2020/05/16～)
145,東京都荒川区荒川7-49-1町屋ニュートーキョービル,ニュートーキョー 町屋店,休業(2020/04/11～2020/05/26)、再開(2020/05/27～)
146,東京都荒川区西尾久5-8-1,ピーアップル 小台店,休業(2020/04/27～2020/05/06)、再開(2020/05/07～)
147,東京都荒川区東尾久4-32-10,ピーアップル 東尾久店,休業(2020/04/26～2020/05/06)、再開(2020/05/07～)
148,東京都国分寺市東元町4-1-36,オゼック 国分寺店,休業(～2020/05/25)、再開(2020/05/26～)
149,東京都国分寺市本町2-14-1,オゼック 国分寺北口店,休業(～2020/05/25)、再開(2020/05/26～)
150,東京都国分寺市南町2-16-15京和ビル,スパークル 国分寺南口店,休業(2020/04/08～2020/05/27)、再開(2020/05/28～)
151,東京都国分寺市泉町3-35-26,ニューロータリー 西国分寺店,休業(2020/04/08～2020/05/28)、再開(2020/05/29～)
152,東京都国分寺市東恋ケ窪5-6-3恋ケ窪SC,ベガスベガス 国分寺恋ケ窪店,休業(2020/04/08～2020/05/25)、再開(2020/05/26～)
153,東京都国分寺市西恋ケ窪4-30-7,ラスベガス 恋ケ窪店,休業(2020/04/13～2020/05/25)、再開(2020/05/26～)
154,東京都国分寺市本町3-1-1ココブンジウエストB1,国分寺モナコ,休業(2020/04/08～2020/05/29)、再開(2020/05/30～)
155,東京都国立市富士見台2-15-7富士商事ビル,ソレイユ 谷保店,休業(2020/04/29～)、再開(2020/05/12～)
156,東京都国立市富士見台2-14-6,百億 国立店,休業(2020/04/24～2020/05/25)、再開(2020/05/26～)
157,東京都狛江市東和泉3-8-2いづみレジデンス,タカラホール 和泉多摩川店,閉店(～2020/04/24)
158,東京都狛江市東和泉1-29-21,日の丸 狛江店,休業(2020/04/25～2020/05/15、2020/05/20～2020/05/24)、再開(2020/05/25～)
159,東京都三鷹市下連雀3-22-2,ツバサ 三鷹店,休業(2020/04/27～2020/05/13)、再開(2020/05/14～)
160,東京都三鷹市下連雀3-45-2ニュージャパン駅前ビル,メッセ 三鷹店 新館,休業(2020/04/08～2020/05/25)、再開(2020/05/26～)
161,東京都三鷹市下連雀3-45-1麻沼ビル,メッセ 三鷹店 本館,休業(2020/04/08～2020/05/25)、再開(2020/05/26～)
162,東京都三宅村阿古1878,パーラーみやけ 阿古店,不明
163,東京都三宅村坪田2987,パーラーみやけ 坪田店,不明
164,東京都渋谷区道玄坂2-6-4日拓渋谷第2ビル,(S)エスパス日拓 渋谷スロット館,休業(2020/04/08～2020/05/28)、再開(2020/05/29～)
165,東京都渋谷区笹塚1-56-2,(S)マルシンスロット P-2 笹塚店,休業(2020/04/08～2020/05/25)、再開(2020/05/26～)
166,東京都渋谷区本町2-5-1スクエア初台ビル,あかね 初台店,休業(2020/04/19～2020/06/12)、再開(2020/06/13～)
167,東京都渋谷区代々木1-37-7勝栄ビルB1,アクアス 代々木店,休業(2020/04/22～2020/05/25)、再開(2020/05/26～)
168,東京都渋谷区幡ヶ谷2-13-4幡ヶ谷中央ビルB1,アサヒ 幡ヶ谷2号店,休業(2020/04/25～)、再開
169,東京都渋谷区幡ヶ谷1-2-5永幸ビル,エイコー 幡ヶ谷店,休業(2020/04/25～)、再開
170,東京都渋谷区道玄坂2-4-2①,エスパス日拓 渋谷駅前新館,休業(2020/04/08～2020/05/28)、再開(2020/05/29～)
171,東京都渋谷区道玄坂2-5-2日拓渋谷ビル①,エスパス日拓 渋谷本館,休業(2020/04/08～2020/05/28)、再開(2020/05/29～)
172,東京都渋谷区恵比寿西1-2-1恵比寿マンションB1,オーパス・ワン 恵比寿店,休業(2020/04/11～2020/05/14)、再開(2020/05/15～)
173,東京都渋谷区富ヶ谷1-44-21代々木公園駅前ビル,サンラッキー 代々木店,休業(2020/04/08～2020/05/26)、再開(2020/05/27～)
174,東京都渋谷区笹塚1-58-6マルシンビル,マルシン 笹塚店,休業(2020/04/08～2020/05/25)、再開(2020/05/26～)
175,東京都渋谷区笹塚1-58-5笹塚コトブキビル,メッセ 笹塚店,休業(2020/04/08～2020/05/25)、再開(2020/05/26～)
176,東京都渋谷区道玄坂2-6-16,楽園 渋谷道玄坂店,休業(2020/04/08～2020/05/31)、再開(2020/06/01～)
177,東京都渋谷区広尾5-14-2広尾NIKIビル,日の丸 広尾店,休業(2020/04/25～2020/05/15、2020/05/20～2020/05/24)、再開(2020/05/25～)
178,東京都小金井市東町4-42-20浅見ビル,ガイアネクスト 東小金井店,休業(2020/04/08～2020/05/25)、再開(2020/05/26～)
179,東京都小金井市本町6-14-28アクウェルモールB1,ダイヤモンド タワー館,休業(2020/04/08～2020/05/28)、再開(2020/05/29～)
180,東京都小金井市本町5-12-8,ダイヤモンド 本店,休業(2020/04/08～2020/05/28)、再開(2020/05/29～)
181,東京都小金井市本町5-12-7,マルキン 武蔵小金井店,休業(2020/04/08～2020/05/26)、再開(2020/05/27～)
182,東京都小平市花小金井3-15-1タケプラザ,(S)トワーズ 小平店 GOGOスロット館,休業(2020/04/11～2020/05/25)、再開(2020/05/26～)
183,東京都小平市美園町2-2-18NS小平第一ビル,アット 小平店,休業(2020/04/23～2020/05/25)、再開(2020/05/26～)
184,東京都小平市小川東町5-15-17,オゼック 小平店,休業(～2020/05/25)、再開(2020/05/26～)
185,東京都小平市花小金井4-35-6,ゴールデンセンター 花小金井店,休業(2020/04/10～2020/05/15)、再開(2020/05/16～)
186,東京都小平市花小金井1-11-3,ザ・チャンス 花小金井店,休業(2020/04/13～2020/05/25)、再開(2020/05/26～)
187,東京都小平市学園東町1-4-40,スパークル2 一橋学園店,休業(2020/04/08～2020/05/27)、再開(2020/05/28～)
188,東京都小平市花小金井3-33-5エメラルドビル,トワーズ 小平店 みんなのパチンコ館,休業(2020/04/11～2020/05/25)、再開(2020/05/26～)
189,東京都小平市小川西町4-33-24,ピーアーク 小川店,休業(2020/04/08～2020/05/25)、再開(2020/05/26～)
190,東京都昭島市武蔵野2-9-3,(S)ビーム 昭島店,休業(2020/04/26～2020/05/21)、再開(2020/05/22～)
191,東京都昭島市昭和町2-5-8,AIS 昭島店,休業(2020/04/25～2020/05/26)、再開(2020/05/27～)
192,東京都昭島市昭和町5-11-16,アミージャ・アミーゴ 昭島店,休業(2020/04/24～2020/05/26)、再開(2020/05/27～)
193,東京都昭島市武蔵野3-11-33,キクヤ 昭島店,休業(2020/04/08～2020/05/28)、再開(2020/05/29～)
194,東京都昭島市昭和町5-11-10,ザ・チャンス 昭島店,休業(2020/04/23～2020/06/12)、再開(2020/06/13～)
195,東京都昭島市朝日町1-2-18,ビーナス 中神店,休業(2020/04/22～2020/05/27)、再開(2020/05/28～)
196,東京都昭島市武蔵野3-8-20,プラザ5 昭島店,休業(2020/04/28～)、再開
197,東京都昭島市武蔵野2-24-12,マルハン 昭島店,休業(2020/04/08～2020/05/28)、再開(2020/05/29～)
198,東京都新宿区新宿3-36-1,(S)グリンピース 新宿本店,休業(2020/04/08～2020/05/26)、再開(2020/05/27～)
199,東京都新宿区西早稲田2-5-14,MIYOSHI344 早稲田店,休業(2020/04/08～2020/05/26)、再開(2020/05/27～)
200,東京都新宿区高田馬場4-17-15東陽ビル,TOYO104 高田馬場店,休業(2020/04/08～2020/05/26)、再開(2020/05/27～)
201,東京都新宿区西新宿1-19-1,アラジン 新宿店,休業(2020/04/13～2020/05/25)、再開(2020/05/26～)
202,東京都新宿区高田馬場2-14-11日拓ビル,エスパス日拓 高田馬場本店,休業(2020/04/08～2020/05/28)、再開(2020/05/29～)
203,東京都新宿区歌舞伎町1-23-3①,エスパス日拓 新宿歌舞伎町店,休業(2020/04/08～2020/05/28)、再開(2020/05/29～)
204,東京都新宿区百人町1-11-20,エスパス日拓 新大久保駅前店,休業(2020/04/08～2020/05/28)、再開(2020/05/29～)
205,東京都新宿区歌舞伎町1-25-4日拓新宿第1ビル①,エスパス日拓 西武新宿駅前店,休業(2020/04/08～2020/05/28)、再開(2020/05/29～)
206,東京都新宿区神楽坂1-14,オアシス 飯田橋店,休業(2020/04/24～2020/05/25)、再開(2020/05/26～)
207,東京都新宿区西新宿7-1-1新宿カレイドビル,カレイド 新宿店,休業(2020/04/08～2020/05/29)、再開(2020/05/30～)
208,東京都新宿区新宿3-6-7第6三和ビル,キコーナ 新宿3丁目店,休業(2020/04/08～2020/05/28)、再開(2020/05/29～)
209,東京都新宿区中落合1-17-2,クラウン 中井店,休業(2020/04/25～2020/05/06)、再開(2020/05/07～)
210,東京都新宿区大久保2-31-1(旧)中部財務大久保ビル,グランパ 大久保店,休業(2020/04/11～2020/05/27)、再開(2020/05/28～)
211,東京都新宿区高田馬場4-7-5グランド東京ビル,コスモ 高田馬場店,休業(2020/04/11～2020/05/06、2020/05/10～2020/05/25)、再開(2020/05/26～)
212,東京都新宿区四谷1-18-1,コメット 四谷店,休業(2020/04/11～2020/05/28)、再開(2020/05/29～)
213,東京都新宿区舟町1-9東和四谷ビル,タイガー 四谷店,休業(2020/04/11～2020/05/29)、再開(2020/05/30～)
214,東京都新宿区西早稲田1-16-3古菅ビル,パイナップル 早稲田店,休業(2020/04/22～)、再開
215,東京都新宿区西新宿3-2-9新宿ワシントンホテル,フレスコ 新宿店,休業(2020/04/13～2020/05/25)、再開(2020/05/26～)
216,東京都新宿区新宿3-36-16ドン・キホーテ,ベガスベガス 新宿東南口店,休業(2020/04/08～2020/05/25)、再開(2020/05/26～)
217,東京都新宿区新宿3-37-14,マルハン 新宿店,休業(2020/04/08～2020/05/28)、再開(2020/05/29～)
218,東京都新宿区歌舞伎町1-19-1新宿東宝ビル2F,マルハン 新宿東宝ビル店,休業(2020/04/08～2020/05/28)、再開(2020/05/29～)
219,東京都新宿区高田馬場2-18-11稲門ビル,国際センター 高田馬場店,休業(2020/04/18～2020/05/26)、再開(2020/05/27～)
220,東京都新島村南檜山4-1,アリーナ 羽伏店,不明
221,東京都神津島村233-6,オアシス 神津島店,休業(2020/05/02～2020/05/30)、再開(2020/06/01～)
222,東京都杉並区荻窪5-27-9,(S)ゴープラ 荻窪店,休業(2020/05/01～2020/05/15、2020/05/18～)、再開
223,東京都杉並区上荻1-16-16ユアビル1-B1,(S)メッセ 荻窪店,休業(2020/04/08～2020/05/25)、再開(2020/05/26～)
224,東京都杉並区高円寺北3-24-12,DIOS 高円寺店,休業(2020/04/08～2020/05/26)、再開(2020/05/27～)
225,東京都杉並区高円寺南1-6-2,ことぶき 東高円寺店,休業(2020/04/11～2020/05/26)、再開(2020/05/27～)
226,東京都杉並区和田1-1-13富士見コーポ,アーク 中野富士見店,閉店(～2020/04/29)
227,東京都杉並区西荻南3-14-7市川ビル,アカダマウエスト 西荻窪店,閉店(～2020/04/12)
228,東京都杉並区上井草1-31-8イーグル岩村ビル,イーグル 井荻店,休業(2020/04/09～2020/05/25)、再開(2020/05/26～)
229,東京都杉並区上高井戸1-1-12,エイトマン 八幡山店,休業(2020/04/13～2020/05/26)、再開(2020/05/27～)
230,東京都杉並区阿佐谷南2-16-6①,オーシャン 阿佐ヶ谷店,休業(2020/04/08～2020/05/26)、再開(2020/05/27～)
231,東京都杉並区天沼3-2-7荻窪ルーフ,オーパ 荻窪店,休業(2020/04/11～2020/05/25)、再開(2020/05/26～)
232,東京都杉並区上荻1-10-12荻窪東亜会館,オリエンタル・パサージュ 荻窪426店,休業(2020/04/09～2020/05/25)、再開(2020/05/26～)
233,東京都杉並区西荻南3-13-1,ゴードン 西荻窪店,休業(2020/04/23～2020/05/25)、再開(2020/05/26～)
234,東京都杉並区下高井戸1-23-14,サンクラウン 桜上水店,休業(2020/04/25～2020/05/06)、再開(2020/05/07～)
235,東京都杉並区方南2-21-1,ジョイ 方南町店,休業(2020/04/25～2020/05/26)、再開(2020/05/27～)
236,東京都杉並区梅里2-1-17,スーパーセブン 新高円寺店,休業(2020/04/09～2020/05/29)、再開(2020/05/30～)
237,東京都杉並区高円寺北2-19-2山形屋ビル,スターダスト 高円寺店,休業(2020/04/25～2020/05/06、2020/05/13～2020/05/25)、再開(2020/05/26～)
238,東京都杉並区阿佐谷南2-18-7,パルコ 阿佐ヶ谷店,休業(2020/04/11～2020/05/25)、再開(2020/05/26～)
239,東京都杉並区上高井戸1-19-4,ピーゴールド 芦花公園店,休業(2020/04/17～2020/05/27)、再開(2020/05/28～)
240,東京都杉並区和泉3-5-8,フィオーレ 永福町店,休業(2020/04/11～2020/05/27)、再開(2020/05/28～)
241,東京都杉並区荻窪5-29-2,フィオーレ 荻窪店,休業(2020/04/11～2020/05/27)、再開(2020/05/28～)
242,東京都杉並区永福3-34-14,フィオーレ 西永福店,休業(2020/04/11～2020/05/27)、再開(2020/05/28～)
243,東京都杉並区浜田山2-20-18,フィオーレ 浜田山店,休業(2020/04/11～2020/05/27)、再開(2020/05/28～)
244,東京都杉並区久我山4-1-7,マルコウ 久我山店,休業(2020/04/11～2020/05/27)、再開(2020/05/28～)
245,東京都杉並区高円寺南3-58-24,ミリオン 高円寺22号店,休業(2020/04/09～2020/05/26)、再開(2020/05/27～)
246,東京都杉並区高円寺北2-4-1,メッセ 高円寺店,休業(2020/04/08～2020/05/25)、再開(2020/05/26～)
247,東京都杉並区成田東5-42-15ジョイフルプラザ1F,ロイヤル 南阿佐ヶ谷店,休業(2020/04/25～2020/05/25)、再開(2020/05/26～)
248,東京都杉並区上荻1-12-1,日の丸 荻窪店,休業(2020/04/25～2020/05/15、2020/05/20～2020/05/24)、再開(2020/05/25～)
249,東京都杉並区下井草2-44-6,日の丸 下井草店,休業(2020/04/25～2020/05/15、2020/05/20～2020/05/24)、再開(2020/05/25～)
250,東京都世田谷区松原1-36-7明大前ビルB1,(S)スロットスタジアム 明大前店,休業(2020/04/25～2020/05/20)、再開(2020/05/21～)
251,東京都世田谷区若林4-25-14,アクアH2O 世田谷店,休業(2020/04/11～2020/05/19)、再開(2020/05/20～)
252,東京都世田谷区北沢2-10-12,カレイド 下北沢店,休業(2020/04/08～2020/05/29)、再開(2020/05/30～)
253,東京都世田谷区宮坂3-9-1,カレイド 経堂店,休業(2020/04/08～2020/05/29)、再開(2020/05/30～)
254,東京都世田谷区経堂2-4-1竹ビル,ガイア 経堂店,休業(2020/04/08～2020/05/25)、再開(2020/05/26～)
255,東京都世田谷区三軒茶屋1-39-7ショッピングプラザ ベルアージュB1,ガイアネクスト 三軒茶屋1店,休業(2020/04/08～2020/05/25)、再開(2020/05/26～)
256,東京都世田谷区太子堂2-17-8三徳ビル,ガイアネクスト 三軒茶屋2店,休業(2020/04/08～2020/05/25)、再開(2020/05/26～)
257,東京都世田谷区船橋1-1-19,キングNo.1 世田谷店,休業(2020/04/23～2020/05/20)、再開(2020/05/21～)
258,東京都世田谷区桜上水5-30-8,クラウン 桜上水店,休業(2020/04/25～2020/05/06)、再開(2020/05/07～)
259,東京都世田谷区祖師谷3-1-20ゴードン祖師谷ビル,ゴードン 祖師谷店,休業(2020/04/23～2020/05/25)、再開(2020/05/26～)
260,東京都世田谷区玉川3-6-1①,ゴールド 二子玉川店,休業(2020/04/08～2020/05/29)、再開(2020/05/30～)
261,東京都世田谷区三軒茶屋1-35-7,ダイキ 三軒茶屋店,休業(2020/04/25～2020/05/06、2020/05/12～)、再開
262,東京都世田谷区南烏山5-11-5トモエビル1,トモエ 千歳烏山店,休業(2020/04/11～)、再開
263,東京都世田谷区南烏山6-4-10第5野萩ビル,ミスターD 千歳烏山店,休業(2020/04/25～2020/05/26)、再開(2020/05/27～)
264,東京都世田谷区祖師谷1-8-13,ミツボシ 祖師谷店,休業(2020/04/25～2020/05/22)、再開(2020/05/23～)
265,東京都世田谷区経堂1-23-14,ミナミ 経堂店,休業(2020/04/23～2020/05/25)、再開(2020/05/26～)
266,東京都世田谷区北沢2-4-7,ミナミ 本店,休業(2020/04/24～2020/05/25)、再開(2020/05/26～)
267,東京都世田谷区松原2-45-12①(旧)ガイアビル1,メガガイア 明大前店,休業(2020/04/08～2020/05/25)、再開(2020/05/26～)
268,東京都世田谷区桜丘2-27-14,国際センター 千歳船橋店,休業(2020/04/18～2020/05/26)、再開(2020/05/27～)
269,東京都世田谷区赤堤4-41-10第三通商ビル,将軍 下高井戸店,閉店(～2020/04/24)
270,東京都世田谷区南烏山5-19-9丸照ビル,新！ガーデン 千歳烏山店,休業(2020/04/28～2020/05/06、2020/05/12～2020/05/13)、再開(2020/05/14～)
271,東京都世田谷区桜新町2-10-8さくらセンタービル,成城ニュージャパン 桜新町店,休業(2020/04/08～2020/05/25)、再開(2020/05/26～)
272,東京都世田谷区成城6-5-25第1住野ビル,成城ニュージャパン 成城店,休業(2020/04/08～2020/05/25)、再開(2020/05/26～)
273,東京都世田谷区駒沢2-17-2日の丸ビル,日の丸 駒沢店,休業(2020/04/25～2020/05/15、2020/05/20～2020/05/24)、再開(2020/05/25～)
274,東京都世田谷区用賀4-3-12①,日の丸 用賀店,休業(2020/04/25～2020/05/15、2020/05/20～2020/05/24)、再開(2020/05/25～)
275,東京都清瀬市松山1-1-4清瀬駅前ビル,UNO 清瀬店,休業(2020/04/13～2020/05/25)、再開(2020/05/26～)
276,東京都清瀬市野塩5-292-4秋津コート,パラッツォ 秋津店,休業(2020/04/08～2020/05/25)、再開(2020/05/26～)
277,東京都清瀬市元町1-3-46,ライオン 清瀬店,休業(2020/04/13～2020/05/25)、再開(2020/05/26～)
278,東京都西多摩郡瑞穂町富士山栗原新田233-1,クリエ 瑞穂店,閉店(～2020/04/10)
279,東京都西多摩郡瑞穂町箱根ヶ崎東松原26-17桝屋ビル,サンフラワー 瑞穂店,休業(2020/04/11～2020/05/26)、再開(2020/05/27～)
280,東京都西多摩郡瑞穂町箱根ヶ崎1338-1久保田ビル,トワーズ 瑞穂店,休業(2020/04/11～2020/05/25)、再開(2020/05/26～)
281,東京都西多摩郡瑞穂町富士山栗原新田217-1,フェイス1100 瑞穂店,休業(2020/04/10～2020/05/26)、再開(2020/05/27～)
282,東京都西東京市田無町2-11-4東海ビル,(S)エランドール 田無店,休業(2020/04/08～2020/05/26)、再開(2020/05/27～)
283,東京都西東京市芝久保町2-9-6ゴールデンハウス田無,D's Club 田無店,休業(2020/04/23～)、再開
284,東京都西東京市ひばりが丘北4-3-25,P-PORT プレゴ ひばりが丘店,休業(2020/04/15～2020/05/28)、再開(2020/05/29～)
285,東京都西東京市住吉町3-9-8ベルスクエアビル,やすだ ひばりが丘店,休業(2020/04/08～2020/05/25)、再開(2020/05/26～)
286,東京都西東京市富士町4-14-14三星ビル,スリースター 東伏見店,休業(2020/04/11～2020/05/19)、再開(2020/05/20～)
287,東京都西東京市田無町2-11-4フォルテビル,フォルテ 田無店,休業(2020/04/09～2020/05/27)、再開(2020/05/28～)
288,東京都西東京市南町4-4-1大和ビル,ミカド 田無店,休業(2020/04/08～2020/05/26)、再開(2020/05/27～)
289,東京都西東京市田無町2-1-1アスタビル,モナコ 田無店,休業(2020/04/08～2020/05/31)、再開(2020/06/01～)
290,東京都西東京市東町3-5-10,リーガサン 保谷店,休業(2020/04/24～)、再開
291,東京都西東京市西原町4-2-5,出玉王 田無店,休業(2020/04/21～2020/05/15、2020/05/21～2020/05/24)、再開(2020/05/25～)
292,東京都西東京市保谷町3-24-6桜井ビル,将軍 柳沢店,休業(2020/04/11～2020/05/28)、再開(2020/05/29～)
293,東京都青梅市新町6-8-1青梅新町ビル,(S)マルハン 青梅新町店,休業(2020/04/08～2020/05/28)、再開(2020/05/29～)
294,東京都青梅市新町3-18-5,オリエント インペリアルホール 新町店,休業(2020/04/11～2020/05/29)、再開(2020/05/30～)
295,東京都青梅市河辺町10-6-3,オリエント ビーナスホール 河辺店,休業(2020/04/11～2020/05/29)、再開(2020/05/30～)
296,東京都青梅市千ヶ瀬町3-407-1,サンフラワー 千ヶ瀬店,休業(2020/04/11～2020/05/26)、再開(2020/05/27～)
297,東京都青梅市河辺町5-1-1オザムビル,トワーズ 河辺駅前店,閉店(～2020/04/10)
298,東京都青梅市今井3-3-9①,トワーズ 青梅IC店,休業(2020/04/11～2020/05/25)、再開(2020/05/26～)
299,東京都青梅市千ヶ瀬町5-612,トワーズ 千ヶ瀬店,休業(2020/04/11～2020/05/25)、再開(2020/05/26～)
300,東京都青梅市師岡3-20-3,トワーズ 野上店,休業(2020/04/11～2020/05/25)、再開(2020/05/26～)
301,東京都青梅市藤橋3-2-10朝日ビル,マルハン 青梅店,休業(2020/04/08～2020/05/28)、再開(2020/05/29～)
302,東京都千代田区内神田3-19-9,(S)みとや 神田北口店,休業(2020/04/08～2020/05/26)、再開(2020/05/27～)
303,東京都千代田区有楽町2-8-1,DUO 有楽町店,休業(2020/04/13～2020/05/25)、再開(2020/05/26～)
304,東京都千代田区神田佐久間町1-3,UNO 秋葉原店,休業(2020/04/13～2020/05/25)、再開(2020/05/26～)
305,東京都千代田区有楽町2-7-1有楽町駅前ビル,UNO 有楽町店,休業(2020/04/13～2020/05/25)、再開(2020/05/26～)
306,東京都千代田区内神田2-9-8,みとや 神田西口店,休業(2020/04/08～2020/05/26)、再開(2020/05/27～)
307,東京都千代田区三崎町3-7-11①,みとや 水道橋店,休業(2020/04/08～2020/05/26)、再開(2020/05/27～)
308,東京都千代田区外神田3-15-6M2ビル7F,ゑびす 秋葉原1号店,閉店(～2020/04/07)
309,東京都千代田区外神田4-3-3ミナミビル,アイランド 秋葉原店,休業(2020/04/08～2020/05/27)、再開(2020/05/28～)
310,東京都千代田区外神田1-15-6日拓秋葉原駅前ビル,エスパス日拓 秋葉原駅前店,休業(2020/04/08～2020/05/28)、再開(2020/05/29～)
311,東京都千代田区鍛冶町2-7-14共和第2ビル,ガイア 神田店,休業(2020/04/08～2020/05/25)、再開(2020/05/26～)
312,東京都千代田区内神田3-7-7,コーシン 神田店,休業(2020/04/24～2020/05/25)、再開(2020/05/26～)
313,東京都千代田区神田平河町4-7ユニビル,サイバー 秋葉原昭和通り口店,休業(2020/04/08～2020/05/25)、再開(2020/05/26～)
314,東京都千代田区鍛冶町1-7-9大朋ビル,ジャンボ 神田店,休業(2020/04/24～2020/05/25)、再開(2020/05/26～)
315,東京都千代田区外神田1-16-1トゥモウロービル,ビッグアップル 秋葉原店,休業(2020/04/24～2020/05/26)、再開(2020/05/27～)
316,東京都千代田区富士見2-7-2飯田橋プラーノステージビル,プレサス 飯田橋店,休業(2020/04/24～2020/05/27)、再開(2020/05/28～)
317,東京都足立区千住2-62-6,(S)オーシャン 北千住店,休業(2020/04/08～2020/05/26)、再開(2020/05/27～)
318,東京都足立区西新井栄町2-7-5,(S)スラッシュ 西新井西口店,休業(2020/04/25～2020/05/06)、再開(2020/05/07～)
319,東京都足立区梅島3-31-10,Jクラブ 西新井店,休業(2020/04/24～2020/05/26)、再開(2020/05/27～)
320,東京都足立区綾瀬4-6-30高架下,MGM 綾瀬西口店,休業(2020/04/23～2020/05/26)、再開(2020/05/27～)
321,東京都足立区鹿浜1-14-14,ことぶき 鹿浜店,休業(2020/04/11～2020/05/26)、再開(2020/05/27～)
322,東京都足立区西新井本町1-16-17,ことぶき 大師店,休業(2020/04/11～2020/05/26)、再開(2020/05/27～)
323,東京都足立区谷在家3-1-18①,ことぶき 谷在家店,休業(2020/04/11～2020/05/26)、再開(2020/05/27～)
324,東京都足立区平野1-15-6足立平野ビル,ことぶき 平野店,休業(2020/04/11～2020/05/26)、再開(2020/05/27～)
325,東京都足立区入谷9-14-8,アカダマ キャニオン 入谷店,閉店(～2020/04/12)
326,東京都足立区西竹の塚2-3-351F,アクセス 竹の塚店,休業(2020/04/09～2020/05/28)、再開(2020/05/29～)
327,東京都足立区西新井栄町2-2-3牧野ビル,キューデン・アネックス 西新井店,休業(2020/04/08～2020/05/26)、再開(2020/05/27～)
328,東京都足立区千住3-72白亜ビル,コンサートホール 北千住店,休業(2020/04/08～2020/05/29)、再開(2020/05/30～)
329,東京都足立区梅島1-14-7,サンコー 梅島店,休業(2020/04/25～2020/05/10、2020/05/14～2020/05/25)、再開(2020/05/26～)
330,東京都足立区綾瀬3-3-2第1星ビル,ダイナム 綾瀬東口店,休業(2020/04/07～2020/05/28)、再開(2020/05/29～)
331,東京都足立区西新井1-5-1中田ビル,トーエー 大師前店,休業(2020/04/11～2020/05/26)、再開(2020/05/27～)
332,東京都足立区綾瀬4-9-27第一興商ビル,ニュークラウン 綾瀬店,休業(2020/04/25～2020/05/26)、再開(2020/05/27～)
333,東京都足立区保木間5-25-23竹ノ塚インドア スポーツプラザ,ニューグランド 保木間店,休業(2020/04/25～2020/05/06)、再開(2020/05/07～)
334,東京都足立区一ツ家1-21-13,ニュースター 一ツ家店,休業(2020/04/08～2020/05/25)、再開(2020/05/26～)
335,東京都足立区入谷7-7-2,ニュー今津屋 入谷店,休業(2020/04/25～2020/05/06、2020/05/13～2020/05/25)、再開(2020/05/26～)
336,東京都足立区入谷8-14-6,パスカ ポートアリーナスポーツ館 入谷店,休業(2020/04/27～2020/05/06)、再開(2020/05/07～)
337,東京都足立区谷在家1-23-15,ビッグスポーツ館 谷在家店,休業(2020/04/27～2020/05/06)、再開(2020/05/07～)
338,東京都足立区竹の塚1-41-3スタジオピーアーク1F,ピーアーク スタジオ 竹の塚店,休業(2020/04/08～2020/05/25)、再開(2020/05/26～)
339,東京都足立区谷中2-22-18,ピーアーク ピーくんガーデン 綾瀬店,休業(2020/04/08～2020/05/25)、再開(2020/05/26～)
340,東京都足立区竹の塚6-8-4①,ピーアーク ピーくんプラザ 竹の塚店,休業(2020/04/08～2020/05/25)、再開(2020/05/26～)
341,東京都足立区谷中3-1-15①,ピーアーク 北綾瀬店,休業(2020/04/08～2020/05/25)、再開(2020/05/26～)
342,東京都足立区千住3-92丸井1F,ピーアーク 北千住店,休業(2020/04/08～2020/05/25)、再開(2020/05/26～)
343,東京都足立区千住橋戸町11,ピーアップル 千住大橋店,休業(2020/04/27～2020/05/06)、再開(2020/05/07～)
344,東京都足立区西綾瀬2-23-17,ピア 五反野店,休業(2020/04/08～2020/05/28)、再開(2020/05/29～)
345,東京都足立区堀之内1-15-17,マルハン 鹿浜店,休業(2020/04/08～2020/05/28)、再開(2020/05/29～)
346,東京都足立区足立4-38-7,ミカド 五反野店,休業(2020/04/08～2020/05/26)、再開(2020/05/27～)
347,東京都足立区扇2-46-8,メッセ 扇店,休業(2020/04/08～2020/05/25)、再開(2020/05/26～)
348,東京都足立区六月1-23-1(旧)フジボール,メッセ 竹の塚店,休業(2020/04/08～2020/05/25)、再開(2020/05/26～)
349,東京都足立区西保木間2-9-11,ラスベガス 竹の塚店,休業(2020/04/08～2020/06/12)、再開(2020/06/13～)
350,東京都足立区伊興本町2-1-24,リブロン 竹の塚店,休業(2020/04/28～)、再開
351,東京都足立区舎人5-13-3大駒マンション,ロケットホール 舎人店,閉店(～2020/04/20)
352,東京都足立区西新井栄町2-7-2興和ビル,ヴィラージュ・キューデン 西新井店,休業(2020/04/08～2020/05/26)、再開(2020/05/27～)
353,東京都足立区梅島1-13-9,宇宙センター 梅島店,休業(2020/04/25～2020/05/06)、再開(2020/05/07～)
354,東京都足立区弘道1-2-20ラプレーヌGS,甲子園 五反野店,休業(2020/04/08～2020/05/26)、再開(2020/05/27～)
355,東京都多摩市永山1-3-4永山コパボウル1F,P-PORT プレゴ 永山店,休業(2020/04/11～2020/05/28)、再開(2020/05/29～)
356,東京都多摩市永山1-3-2①,ゴードン 永山店,休業(2020/04/23～2020/05/25)、再開(2020/05/26～)
357,東京都多摩市落合1-11-2小田急マルシェ201,ゴードン 多摩センターA館,休業(2020/04/23～2020/05/25)、再開(2020/05/26～)
358,東京都多摩市一ノ宮1-25-1,ドキわくランド 聖蹟桜ヶ丘店,休業(2020/04/09～2020/05/28)、再開(2020/05/29～)
359,東京都多摩市関戸2-24-19,ワオン 聖蹟桜ヶ丘店,休業(2020/04/11～2020/05/26)、再開(2020/05/27～)
360,東京都台東区根岸5-21-8ブロッケン2ビル,(S)UNO 三ノ輪店 スロット館,休業(2020/04/13～2020/05/25)、再開(2020/05/26～)
361,東京都台東区根岸1-1-21,(S)みとや 鶯谷M-2店,休業(2020/04/08～2020/05/26)、再開(2020/05/27～)
362,東京都台東区上野5-25-7三宝ビル,(S)オリエンタル・パサージュ4 上野店,休業(2020/04/23～2020/05/19)、再開(2020/05/20～)
363,東京都台東区根岸5-22-10三ノ輪東和ビル,UNO 三ノ輪店 パチンコ館,休業(2020/04/13～2020/05/25)、再開(2020/05/26～)
364,東京都台東区浅草5-9-3,みとや 浅草千束店,休業(2020/04/08～2020/05/26)、再開(2020/05/27～)
365,東京都台東区根岸1-1-20,みとや 鶯谷M-1店,休業(2020/04/08～2020/05/26)、再開(2020/05/27～)
366,東京都台東区根岸1-1-24,みとや 鶯谷M-3店,休業(2020/04/08～2020/05/26)、再開(2020/05/27～)
367,東京都台東区浅草2-6-7東京楽天地浅草ビルB1,イーグルR-1 浅草店,休業(2020/04/11～2020/05/25)、再開(2020/05/26～)
368,東京都台東区上野4-7-5日拓上野アメ横ビル,エスパス日拓 上野新館,休業(2020/04/08～2020/05/28)、再開(2020/05/29～)
369,東京都台東区上野4-10-4日拓ビル,エスパス日拓 上野本館,休業(2020/04/08～2020/05/28)、再開(2020/05/29～)
370,東京都台東区上野6-9-7,オリエンタル・パサージュ インペリアル 上野本館,休業(2020/04/23～2020/05/19)、再開(2020/05/20～)
371,東京都台東区上野6-13-14,サイバースパーク 上野店,休業(2020/04/25～2020/05/06)、再開(2020/05/07～)
372,東京都台東区根岸1-6-7,サンボール 鶯谷店,休業(2020/04/08～2020/05/26)、再開(2020/05/27～)
373,東京都台東区上野2-1-388ビル,スター 広小路店,休業(2020/04/23～2020/05/25)、再開(2020/05/26～)
374,東京都台東区浅草橋1-24-1スターダストビル,スターダスト 浅草橋店,休業(2020/04/25～2020/05/25)、再開(2020/05/26～)
375,東京都台東区上野3-28-6第1大島ビル,ダイヤモンド 上野店,休業(2020/04/28～2020/05/06)、再開(2020/05/07～)
376,東京都台東区浅草2-10-12ロック座会館,ビッグパンドラ 浅草店 ライト館,休業(2020/04/11～2020/05/25)、再開(2020/05/26～)
377,東京都台東区浅草1-43-1,ビッグパンドラ 浅草店 本館,休業(2020/04/11～2020/05/25)、再開(2020/05/26～)
378,東京都台東区上野6-13-9新都乃田ビル,ピア 上野店,休業(2020/04/08～2020/05/28)、再開(2020/05/29～)
379,東京都大田区大森北1-3-10,(S)オーパス・ワン 大森店,休業(2020/04/11～2020/05/14)、再開(2020/05/15～)
380,東京都大田区蒲田4-10-14あすとウィズ,(S)ベガス 京急蒲田店,休業(2020/04/08～2020/05/26)、再開(2020/05/27～)
381,東京都大田区大森北1-34-18第2みづほビル,(S)マックススロット ZAP 大森店,休業(2020/04/11～2020/05/21)、再開(2020/05/22～)
382,東京都大田区西蒲田7-46-8①蒲田ライトビル,(S)楽園 蒲田店,休業(2020/04/08～2020/05/28)、再開(2020/05/29～)
383,東京都大田区西糀谷4-28-9OMC青和第2ビル,22世紀 糀谷店,休業(～2020/05/25)、再開(2020/05/26～)
384,東京都大田区大森北1-34-2五光ビル,PSフィールド 大森店,休業、再開
385,東京都大田区大森西5-29-11大森町ビル,みとや 大森町店,休業(2020/04/08～2020/05/26)、再開(2020/05/27～)
386,東京都大田区南雪谷2-12-9第5ユタカビル,ゆたか 雪が谷大塚店,休業(2020/04/09～2020/05/31)、再開(2020/06/01～)
387,東京都大田区上池台1-15-13第7ゆたか荘,ゆたか 長原店,閉店(～2020/04/08)
388,東京都大田区池上3-3-1(旧)トーヨーボール,アロー 池上店,休業(2020/04/08～2020/05/26)、再開(2020/05/27～)
389,東京都大田区大森本町2-32-9,エイト 平和島店,休業(2020/04/08～2020/05/26)、再開(2020/05/27～)
390,東京都大田区東糀谷2-3-6,オアシス 大鳥居店,休業(2020/04/08～2020/05/29)、再開(2020/05/30～)
391,東京都大田区西蒲田8-1-12ロイヤルハイツ都南,キコーナ 蒲田店,休業(2020/04/08～2020/05/28)、再開(2020/05/29～)
392,東京都大田区羽田1-3-6,グラン 羽田店,休業(2020/04/11～2020/05/25)、再開(2020/05/26～)
393,東京都大田区仲六郷2-43-7,ザ・シティ／ベルシティ 雑色店,休業(2020/04/08～2020/05/26)、再開(2020/05/27～)
394,東京都大田区西蒲田7-50-10,テゾーロ 蒲田店,休業(2020/04/08～2020/05/25)、再開(2020/05/26～)
395,東京都大田区仲六郷2-39-1,ニラク 大田雑色店,休業(2020/04/08～2020/05/27)、再開(2020/05/28～)
396,東京都大田区上池台1-7-16,ニラク 大田長原店,休業(2020/04/08～2020/05/27)、再開(2020/05/28～)
397,東京都大田区東蒲田1-1-6並木ビル,ニラク 大田梅屋敷2号店,休業(2020/04/08～2020/05/27)、再開(2020/05/28～)
398,東京都大田区東糀谷3-12-8ホテル羽田イン,パーラー凱旋門 大鳥居店,休業(2020/04/29～2020/05/25)、再開(2020/05/26～)
399,東京都大田区仲六郷2-16-9,ピア 雑色店,休業(2020/04/08～2020/05/28)、再開(2020/05/29～)
400,東京都大田区山王2-4-1大森駅前ビル,ピア 大森店,休業(2020/04/08～2020/05/28)、再開(2020/05/29～)
401,東京都大田区仲六郷2-27-5シティパレス雑色,フルハウス 雑色店,休業(2020/04/11～2020/05/25)、再開(2020/05/26～)
402,東京都大田区池上6-2-3,プラザ515 池上店,休業(2020/04/11～2020/05/25)、再開(2020/05/26～)
403,東京都大田区蒲田5-9-2,マルハン 蒲田駅東店,休業(2020/04/08～2020/05/28)、再開(2020/05/29～)
404,東京都大田区蒲田5-11-12(旧)フェニックスMSビル,メガガイア 蒲田店,休業(2020/04/08～2020/05/25)、再開(2020/05/26～)
405,東京都大田区平和島1-1-1ビックファン平和島2F,レイトギャップ 平和島店,休業(2020/04/08～2020/05/25)、再開(2020/05/26～)
406,東京都大田区大森南1-16-1安田商店ビル,京浜ホール 大森南店,休業(2020/04/11～2020/05/25)、再開(2020/05/26～)
407,東京都大田区蒲田5-16-7,金時 蒲田東口店,休業(2020/04/08～2020/05/25)、再開(2020/05/26～)
408,東京都大田区蒲田4-6-4,金時 京急蒲田店,休業(2020/04/08～2020/05/25)、再開(2020/05/26～)
409,東京都大田区大森北1-4-4みやこ会館,金時 大森東口店,休業(2020/04/08～2020/05/25)、再開(2020/05/26～)
410,東京都大田区南蒲田2-19-10金竜ビル,金龍 南蒲田店,閉店(～2020/04/08)
411,東京都大田区西蒲田7-4-12,弘城 3号店,休業(2020/04/04～2020/05/25)、再開(2020/05/26～)
412,東京都大田区西蒲田7-3-7シティホテル弘城,弘城 西口本店,休業(2020/04/04～2020/05/25)、再開(2020/05/26～)
413,東京都大田区蒲田5-9-13弘城ビル,弘城 東口店,休業(2020/04/04～2020/05/25)、再開(2020/05/26～)
414,東京都大田区池上6-6-3,池上プラザ,休業(2020/04/11～2020/05/25)、再開(2020/05/26～)
415,東京都大田区下丸子3-10-2ヒノビル,日の丸 下丸子店,休業(2020/04/25～2020/05/15、2020/05/20～2020/05/24)、再開(2020/05/25～)
416,東京都大島町差木地1026-131,じゃらん634 伊豆大島店,休業(2020/04/25～)、再開
417,東京都大島町元町北の山83-1,オーシャン 伊豆大島店,不明
418,東京都大島町元町1-2-1,ハワイ 伊豆大島店,不明
419,東京都大島町元町北の山121-5,ビッグスター 伊豆大島店,不明
420,東京都中央区月島3-5-5,アクア 月島店,休業(2020/04/25～2020/05/29)、再開(2020/05/30～)
421,東京都中央区日本橋人形町2-5-1,パチンコ正村 人形町店,休業(2020/04/08～)、再開
422,東京都中央区銀座5-12-6スルガG5ビル,ピーアーク 銀座ネオ店,閉店(～2020/04/02)
423,東京都中央区銀座5-12-1,ピーアーク 銀座店,休業(2020/04/08～2020/05/25)、再開(2020/05/26～)
424,東京都中央区八重洲1-5-14八重洲ターミナルホテル,ピースタシオン 東京店,休業(2020/04/08～2020/05/27)、再開(2020/05/28～)
425,東京都中野区弥生町2-20-6弥生町ビル,(S)エイコー 中野新橋店,休業(2020/04/24～)、再開
426,東京都中野区東中野4-4-5東中野アパートメンツ,(S)ゴーゴーセブン 東中野店,休業(～2020/05/25)、再開(2020/05/26～)
427,東京都中野区中野5-60-6中野共同ビル,(S)サイバースロット 中野店,休業(2020/04/08～2020/05/25)、再開(2020/05/26～)
428,東京都中野区中野2-25-2トビタビル,(S)ジパング 中野店,休業(2020/04/11～2020/05/25)、再開(2020/05/26～)
429,東京都中野区中野5-60-7タイガープラザB1,(S)ニラク 中野サンモール2号店,休業(2020/04/08～2020/05/27)、再開(2020/05/28～)
430,東京都中野区弥生町2-19-13エクセレビル,エクセレ 中野新橋店,休業(2020/04/11～2020/05/26)、再開(2020/05/27～)
431,東京都中野区中央4-2-2,オークラ 新中野店,休業(2020/04/11～2020/05/25)、再開(2020/05/26～)
432,東京都中野区中野5-60-12,グランパ 中野店,休業(2020/04/11～2020/05/27)、再開(2020/05/28～)
433,東京都中野区野方5-18-12(旧)長崎屋,コンサートホール 野方店,休業(2020/04/08～2020/05/29)、再開(2020/05/30～)
434,東京都中野区野方5-32-3,サンラッキー 野方店,休業(2020/04/08～2020/05/26)、再開(2020/05/27～)
435,東京都中野区中央5-1-1オスロー新中野ビル,スーパーセブン 新中野店,休業(2020/04/09～2020/05/29)、再開(2020/05/30～)
436,東京都中野区沼袋3-27-12並木ビル,デラックス7 沼袋店,休業(2020/04/23～2020/05/06)、再開(2020/05/11～2020/05/20)、再開(2020/05/21～)
437,東京都中野区中野5-60-7タイガープラザ1F①,ニラク 中野サンモール店,休業(2020/04/08～2020/05/27)、再開(2020/05/28～)
438,東京都中野区中野5-61-4,ニラク 中野店,休業(2020/04/08～2020/05/27)、再開(2020/05/28～)
439,東京都中野区新井5-26-6,ビーム 新井薬師店,休業(2020/04/10～2020/05/25)、再開(2020/05/26～)
440,東京都中野区東中野5-3-3第10東京ビル,フルハウス 東中野店,休業(2020/04/11～2020/05/25)、再開(2020/05/26～)
441,東京都中野区東中野4-4-8,ホワイト 東中野店,休業(2020/04/11～2020/05/26)、再開(2020/05/27～)
442,東京都中野区中野2-26-11,マックス 中野店,休業(2020/04/11～2020/05/25)、再開(2020/05/26～)
443,東京都中野区中野5-61-1ライオンズプラザ中野,国際センター 中野店,休業(2020/04/18～2020/05/26)、再開(2020/05/27～)
444,東京都中野区鷺宮4-2-19,新世界 鷺宮店,休業(2020/04/18～2020/05/26)、再開(2020/05/27～)
445,東京都町田市山崎町132-1,A-1 町田店,休業(2020/04/10～2020/05/26)、再開(2020/05/27～)
446,東京都町田市鶴間3-2-3,MQリゾート 南町田店,閉店(～2020/04/09)
447,東京都町田市原町田6-19-15エトセトラプランビル,エルグラン 町田店,休業(2020/04/10～2020/05/25)、再開(2020/05/26～)
448,東京都町田市森野1-39-1グランドゥール,オリエンタル・パサージュ 町田店,休業(2020/04/23～2020/05/19)、再開(2020/05/20～)
449,東京都町田市南成瀬1-3-5相鉄ローゼンB1,ジャンジャン P-2 成瀬店,休業(2020/04/25～2020/05/20)、再開(2020/05/21～)
450,東京都町田市能ヶ谷1-5-8鶴川インペリアルビル,ダイア 鶴川店,休業(2020/04/08～2020/05/26)、再開(2020/05/27～)
451,東京都町田市旭町1-7-2,チャレンジャー 町田店,休業(2020/04/27～2020/05/06)、再開(2020/05/07～)
452,東京都町田市野津田町1911F,チャレンジャー 野津田店,休業(2020/04/27～2020/05/06)、再開(2020/05/07～)
453,東京都町田市森野3-18-21,バンブー 町田店,休業(2020/04/23～2020/05/20)、再開(2020/05/21～)
454,東京都町田市原町田4-5-7田光ビル,パールショップ ともえ 町田609店,休業(2020/04/08～2020/05/25)、再開(2020/05/26～)
455,東京都町田市小川町7-2-1,パンドラ 町田店,休業(2020/04/11～2020/05/25)、再開(2020/05/26～)
456,東京都町田市原町田6-10-9MIAビル,ピア 町田店,休業(2020/04/08～2020/05/28)、再開(2020/05/29～)
457,東京都町田市金森4-1-1,玉屋光助 町田店,休業(2020/04/27～2020/05/08)、再開(2020/05/09～)
458,東京都町田市小野路町2428,出玉王 福助 町田店,閉店(～2020/04/12)
459,東京都調布市仙川町3-1-4,(S)ゾロン 仙川店,休業(2020/04/13～2020/05/25)、再開(2020/05/26～)
460,東京都調布市布田4-2-4CFビル,(S)メガガイア 調布スロットタワー,休業(2020/04/08～2020/05/25)、再開(2020/05/26～)
461,東京都調布市国領町3-1-38ココスクエア1F,MGM 国領店,休業(2020/04/23～2020/05/26)、再開(2020/05/27～)
462,東京都調布市仙川町2-21-21,UNO 仙川店,休業(2020/04/13～2020/05/25)、再開(2020/05/26～)
463,東京都調布市小島町1-37-16調布パルコAパーキングビル1F,コンサートホール 調布店,休業(2020/04/08～2020/05/29)、再開(2020/05/30～)
464,東京都調布市小島町1-13-6,マルゼン 調布店,休業(2020/04/25～2020/05/06)、再開(2020/05/07～)
465,東京都調布市布田4-2-3ガイアビル,メガガイア 調布パチンコタワー,休業(2020/04/08～2020/05/25)、再開(2020/05/26～)
466,東京都調布市西つつじケ丘3-33-11つつじケ丘会館,ワールド つつじケ丘店,休業(2020/04/11～2020/05/26)、再開(2020/05/27～)
467,東京都調布市菊野台1-33-22,調布センター,休業(2020/04/11～2020/05/26)、再開(2020/05/27～)
468,東京都東久留米市氷川台1-11-26,オータ 東久留米店,休業(2020/04/09～2020/05/26)、再開(2020/05/27～)
469,東京都東久留米市八幡町1-3-19オザムビル,トワーズ 東久留米店,休業(2020/04/11～2020/05/25)、再開(2020/05/26～)
470,東京都東久留米市本町1-1-26メゾン東久留米,パチンコ大学 東久留米店,休業(2020/04/14～2020/05/27)、再開(2020/05/28～)
471,東京都東久留米市前沢3-13-8,一番舘 東久留米店,休業(2020/04/13～2020/05/20)、再開(2020/05/21～)
472,東京都東村山市本町2-18-10,(S)パーラー毎日 東村山店 スロット館,休業(2020/04/11～2020/05/26)、再開(2020/05/27～)
473,東京都東村山市秋津町5-13-18,D-FLY 秋津店,休業(2020/04/08～2020/05/26)、再開(2020/05/27～)
474,東京都東村山市栄町2-20-5當麻ビル,オゼック 久米川店,休業(～2020/05/25)、再開(2020/05/26～)
475,東京都東村山市本町2-6-1,ダイナム 東村山店,休業(2020/04/07～2020/05/28)、再開(2020/05/29～)
476,東京都東村山市秋津町2-22-5第一建築ビル,トワーズ 東村山店,休業(2020/04/11～2020/05/25)、再開(2020/05/26～)
477,東京都東村山市本町2-18-13,パーラー毎日 東村山店,休業(2020/04/11～2020/05/26)、再開(2020/05/27～)
478,東京都東村山市栄町2-8-4,パチンコ大学 久米川店 A館,休業(2020/04/13～2020/05/27)、再開(2020/05/28～)
479,東京都東村山市栄町2-8-23久米川国際センタービル,パチンコ大学 久米川店 B館,休業(2020/04/13～2020/05/27)、再開(2020/05/28～)
480,東京都東村山市秋津町5-13-14,ファイン 秋津店,閉店(～2020/04/07)
481,東京都東村山市恩多町1-19-1(旧)国分首都圏(株),メガガイア 東村山店,休業(2020/04/27～2020/05/08)、再開(2020/05/09～)
482,東京都東大和市清水6-1253-1タマレークメゾン1F,Z 東大和店,休業(2020/04/11～2020/06/01)、再開(2020/06/02～)
483,東京都東大和市上北台1-1-4,ニラク 上北台店,休業(2020/04/08～2020/05/27)、再開(2020/05/28～)
484,東京都東大和市立野4-482-3,ニラク 東大和店,休業(2020/04/08～2020/05/27)、再開(2020/05/28～)
485,東京都東大和市立野4-486,ビーム 東大和店,休業(2020/04/26～2020/05/21)、再開(2020/05/22～)
486,東京都東大和市桜が丘2-139-1,マルハン 東大和店,休業(2020/04/08～2020/05/28)、再開(2020/05/29～)
487,東京都日野市高幡1009-1,RAMO 高幡不動店,休業(2020/04/08～2020/05/31)、再開(2020/06/01～)
488,東京都日野市多摩平2-3-12中央白石ビル,アイオン 豊田店,休業(2020/04/08～2020/05/25)、再開(2020/05/26～)
489,東京都日野市多摩平2-2-2,キング会館 日野店,休業(2020/04/25～2020/05/15)、再開(2020/05/16～)
490,東京都日野市栄町1-1-1,ジャンボ 日野店,休業(2020/04/25～2020/05/31)、再開(2020/06/01～)
491,東京都日野市栄町5-23-9,マルハン 日野店,休業(2020/04/08～2020/05/28)、再開(2020/05/29～)
492,東京都八王子市石川町2975-1,(S)SAP 日野店 スロット館,休業(2020/04/11～2020/05/25)、再開(2020/05/26～)
493,東京都八王子市長房町450-2,(S)ジャスティス 八王子店,休業(2020/04/11～2020/05/28)、再開(2020/05/29～)
494,東京都八王子市千人町2-19-6,(S)スロット ドットコム 八王子店,休業、再開
495,東京都八王子市旭町2-5八王子ツインタワーA館,(S)ピア 八王子店 スロット館,休業(2020/04/08～2020/05/28)、再開(2020/05/29～)
496,東京都八王子市大和田町7-19-7,A3 八王子店,休業(～2020/05/25)、再開(2020/05/26～)
497,東京都八王子市北野町588-1,D'ステーション 八王子北野店,休業(2020/04/08～2020/05/25)、再開(2020/05/26～)
498,東京都八王子市石川町2974-13,SAP 日野店 パチンコ館,休業(2020/04/11～2020/05/25)、再開(2020/05/26～)
499,東京都八王子市北野町546-15鈴木ビル,SAP 北野アネックス店,休業(2020/04/11～2020/05/25)、再開(2020/05/26～)
500,東京都八王子市打越町333-2TK北野ビル,SAP 北野店,休業(2020/04/11～2020/05/25)、再開(2020/05/26～)
501,東京都八王子市川町25,オークラ 八王子店,休業(～2020/05/25)、再開(2020/05/26～)
502,東京都八王子市左入町791-6,ガーデン 八王子インター店,休業(2020/04/28～2020/05/06、2020/05/12～2020/05/13)、再開(2020/05/14～)
503,東京都八王子市楢原町497-1,ガリレオ 八王子店,休業(2020/04/28～2020/05/06)、再開(2020/05/07～)
504,東京都八王子市東町11-4光ビルA,コスミック 八王子2号店,休業(2020/04/11～2020/05/06、2020/05/10～2020/05/25)、再開(2020/05/26～)
505,東京都八王子市中町2-1グランド東京ビル,コスミック 八王子店,休業(2020/04/11～2020/05/06、2020/05/10～2020/05/25)、再開(2020/05/26～)
506,東京都八王子市南大沢2-30サザンウインズ B1,ジアス 南大沢店,休業(2020/04/08～2020/05/25)、再開(2020/05/26～)
507,東京都八王子市台町4-47-4,スーパーセブン 西八王子店,休業(2020/04/09～2020/05/29)、再開(2020/05/30～)
508,東京都八王子市四谷町506-1,スコーピオン 四谷店,休業(2020/04/08～2020/05/26)、再開(2020/05/27～)
509,東京都八王子市台町4-47-14,スマイル 西八王子店,休業(2020/04/11～2020/05/25)、再開(2020/05/26～)
510,東京都八王子市大塚552,チャレンジャー 多摩大塚店,休業(2020/04/27～2020/05/06)、再開(2020/05/07～)
511,東京都八王子市堀之内3-34-7光栄ビル,デルパラ7 堀之内店,休業(2020/04/27～2020/05/08)、再開(2020/05/09～)
512,東京都八王子市叶谷町956-8,トワーズ 叶谷店,休業(2020/04/11～2020/05/25)、再開(2020/05/26～)
513,東京都八王子市東浅川町505,トワーズ 西八店,休業(2020/04/11～2020/05/25)、再開(2020/05/26～)
514,東京都八王子市楢原町1511-1,トワーズ 楢原店,休業(2020/04/11～2020/05/25)、再開(2020/05/26～)
515,東京都八王子市四谷町1910-3,トワーズ 八王子四谷店,休業(2020/04/11～2020/05/25)、再開(2020/05/26～)
516,東京都八王子市千人町2-20-7,ドットコム 八王子店,休業、再開
517,東京都八王子市東町12-13徳寿ビル,ナポレオン 八王子店,休業(2020/04/24～2020/05/15)、再開(2020/05/16～)
518,東京都八王子市北野町584-25,パチンコ多摩2 八王子店,休業(2020/04/21～)、再開
519,東京都八王子市高倉町51-11,ビーム 高倉店,休業(2020/04/26～2020/05/21)、再開(2020/05/22～)
520,東京都八王子市旭町9-1八王子東急スクエアB1,ビーム 八王子店,休業(2020/04/26～2020/05/21)、再開(2020/05/22～)
521,東京都八王子市旭町5-1八王子ツインタワーB館,ピア 八王子店 パチンコ館,休業(2020/04/08～2020/05/28)、再開(2020/05/29～)
522,東京都八王子市四谷町651,マルハン 八王子四谷店,休業(2020/04/08～2020/05/28)、再開(2020/05/29～)
523,東京都八王子市東町13-2,ライオン 八王子店,休業(2020/04/28～2020/05/06)、再開(2020/05/07～)
524,東京都八王子市小宮町255,ライデン 小宮店,休業(2020/04/08～2020/05/26)、再開(2020/05/27～)
525,東京都八王子市長房町446-28,将軍 八王子店,閉店(～2020/04/10)
526,東京都八丈町大賀郷6196-55②,(S)ウェーブ 八丈島店,不明
527,東京都八丈町三根196-3,シャトル 八丈島店,不明
528,東京都八丈町大賀郷6196-25①,スペース 八丈島店,不明
529,東京都板橋区大山東町19-5,(S)やすだ 大山北口5号店,休業(2020/04/08～2020/05/25)、再開(2020/05/26～)
530,東京都板橋区仲宿60-12,(S)やすだ 仲宿店 スロット館,休業(2020/04/08～2020/05/25)、再開(2020/05/26～)
531,東京都板橋区成増2-12-7,(S)エクサ 成増店,休業(2020/04/08～2020/05/27)、再開(2020/05/28～)
532,東京都板橋区大山東町21-5清田ビル,(S)オーシャン 大山スロット専門館,休業(2020/04/08～2020/05/26)、再開(2020/05/27～)
533,東京都板橋区成増2-18-12,(S)コンサートホール 成増スロット館,休業(2020/04/08～2020/05/29)、再開(2020/05/30～)
534,東京都板橋区成増2-19-10,(S)成増会館 スロット館,休業(2020/04/08～2020/05/27)、再開(2020/05/28～)
535,東京都板橋区高島平7-13-1,CASA7131 高島平店,休業(2020/04/12～2020/05/27)、再開(2020/05/28～)
536,東京都板橋区赤塚2-1-8あみだビル,DIOS 下赤塚店,休業(2020/04/08～2020/05/26)、再開(2020/05/27～)
537,東京都板橋区清水町32-7清水町ビル,やすだ 清水町店,休業(2020/04/08～2020/05/25)、再開(2020/05/26～)
538,東京都板橋区大山町26-8,やすだ 大山1号店,休業(2020/04/08～2020/05/25)、再開(2020/05/26～)
539,東京都板橋区大山町27-8,やすだ 大山2号店,休業(2020/04/08～2020/05/25)、再開(2020/05/26～)
540,東京都板橋区大山東町59-2丸菱ビル,やすだ 大山4号店,休業(2020/04/08～2020/05/25)、再開(2020/05/26～)
541,東京都板橋区大山東町60-10コミネビル,やすだ 大山駅前店,休業(2020/04/08～2020/05/25)、再開(2020/05/26～)
542,東京都板橋区仲宿60-15,やすだ 仲宿店 パチンコ館,休業(2020/04/08～2020/05/25)、再開(2020/05/26～)
543,東京都板橋区泉町6-10,アミュズワン 本蓮沼店,休業(2020/04/27～2020/05/31)、再開(2020/06/01～)
544,東京都板橋区志村3-7-14,エース 志村店,休業(2020/04/27～2020/05/06)、再開(2020/05/07～)
545,東京都板橋区大山東町20-4,オーシャン 大山パチンコ専門館,休業(2020/04/08～2020/05/26)、再開(2020/05/27～)
546,東京都板橋区上板橋1-13-22,ガーデン 上板橋店,休業(2020/04/28～2020/05/06、2020/05/12～2020/05/13)、再開(2020/05/14～)
547,東京都板橋区南常盤台1-22-10,クラウン ときわ台店,休業(2020/04/25～2020/05/26)、再開(2020/05/27～)
548,東京都板橋区三園2-5-24千歳ビル,グランドホール 西高島平店,休業(2020/04/08～2020/05/26)、再開(2020/05/27～)
549,東京都板橋区高島平8-3-1,コトブキホール 高島平店,休業(2020/04/20～2020/05/24)、再開(2020/05/25～)
550,東京都板橋区志村1-35-11,コンサートホール 志村店,休業(2020/04/08～2020/05/29)、再開(2020/05/30～)
551,東京都板橋区成増2-17-24,コンサートホール 成増パチンコ館,休業(2020/04/08～2020/05/29)、再開(2020/05/30～)
552,東京都板橋区高島平7-14-6,ゴールデンベル 高島平店,休業(2020/04/11～)、再開
553,東京都板橋区板橋1-16-6,サンエイト 板橋店,休業(2020/04/11～2020/05/27)、再開(2020/05/28～)
554,東京都板橋区常盤台4-33-8,シード 上板橋店,休業(2020/04/08～2020/05/27)、再開(2020/05/28～)
555,東京都板橋区高島平8-4-1,ジャンジャン 高島平駅前店,休業(2020/04/24～2020/05/25)、再開(2020/05/26～)
556,東京都板橋区常盤台4-31-1,タイヘイ 上板橋店,休業(2020/04/13～2020/05/27)、再開(2020/05/28～)
557,東京都板橋区南常盤台1-26-12幸和ビル,テキサス ときわ台店,休業(2020/04/11～2020/05/26)、再開(2020/05/27～)
558,東京都板橋区板橋1-53-4,ニュースポーツ 板橋店,休業(2020/04/13～2020/05/29)、再開(2020/05/30～)
559,東京都板橋区高島平7-13-5,パチンコ大王 高島平店,休業(2020/04/08～2020/05/25)、再開(2020/05/26～)
560,東京都板橋区志村3-7-16,パラッツォ 志村店,休業(2020/04/08～2020/05/25)、再開(2020/05/26～)
561,東京都板橋区高島平1-79-3トミコシ会館,プラザ西台,休業(2020/04/08～2020/05/27)、再開(2020/05/28～)
562,東京都板橋区中板橋15-6,プレイショップ チューオー 中板橋店,休業(2020/04/08～2020/05/26)、再開(2020/05/27～)
563,東京都板橋区常盤台4-34-1,ホワイトタイガー 上板橋店,休業(2020/04/13～2020/05/27)、再開(2020/05/28～)
564,東京都板橋区大山町39-1,マルハン 大山店,休業(2020/04/08～2020/05/28)、再開(2020/05/29～)
565,東京都板橋区成増2-17-22,ミリオン 成増7号店,休業(2020/04/09～2020/05/26)、再開(2020/05/27～)
566,東京都板橋区徳丸3-17-5,ワールド 東武練馬店,休業(2020/04/17～2020/05/27)、再開(2020/05/28～)
567,東京都板橋区大山町32-2佐竹大山ビル,楽園 大山店,休業(2020/04/08～2020/05/28)、再開(2020/05/29～)
568,東京都板橋区赤塚新町1-21-9①,将軍 下赤塚店,休業(2020/04/11～2020/05/28)、再開(2020/05/29～)
569,東京都板橋区舟渡1-5-7,新！ガーデン 板橋店,休業(2020/04/28～2020/05/06、2020/05/12～2020/05/13)、再開(2020/05/14～)
570,東京都板橋区成増2-19-4,成増会館,休業(2020/04/08～2020/05/27)、再開(2020/05/28～)
571,東京都板橋区成増3-11-3西友1F,成増会館3,休業(2020/04/08～2020/05/27)、再開(2020/05/28～)
572,東京都品川区上大崎2-15-20百万弗ビル,(S)CUBA 6th 目黒店,休業(2020/04/22～2020/05/25)、再開(2020/05/26～)
573,東京都品川区西五反田2-6-3東洋ビル,(S)ガイア 五反田スロット館,休業(2020/04/08～2020/05/25)、再開(2020/05/26～)
574,東京都品川区大崎3-6-12ニューオリンピアビル,D'ステーション 大崎店,休業(2020/04/08～2020/05/25)、再開(2020/05/26～)
575,東京都品川区小山4-3-2マイキャッスル武蔵小山,DAS 小山店,休業、再開
576,東京都品川区上大崎2-27-6林ビル1F,MD 目黒店,休業(2020/04/08～2020/05/26)、再開(2020/05/27～)
577,東京都品川区東五反田2-2-2,P-TREK マーメイド 五反田店,休業(2020/04/25～2020/05/06、2020/05/11～2020/05/14)、再開(2020/05/15～)
578,東京都品川区西五反田1-3-10東栄商事五反田駅前ビル,ことぶき 五反田店,休業(2020/04/11～2020/05/26)、再開(2020/05/27～)
579,東京都品川区小山3-26-5ハイツ武蔵小山,エンゼル 本店,休業(2020/04/23～2020/05/25)、再開(2020/05/26～)
580,東京都品川区小山3-25-3,エンゼルV 小山店,休業(2020/04/23～2020/05/25)、再開(2020/05/26～)
581,東京都品川区南品川2-7-14,グランブルー 青物横丁店,休業(2020/04/11～2020/05/25)、再開(2020/05/26～)
582,東京都品川区南品川3-1-20ホテル東横イン南品川青物横丁,グランポート 青物横丁店,休業(2020/04/11～2020/05/25)、再開(2020/05/26～)
583,東京都品川区西五反田5-1-20アスベンプラザB1,サンラッキー 不動前店,休業(2020/04/08～2020/05/26)、再開(2020/05/27～)
584,東京都品川区西五反田2-7-7日活ビル,ジャラン 五反田店,休業(2020/04/27～2020/05/06)、再開(2020/05/07～)
585,東京都品川区大井1-15-2,デルフィール 大井町店,休業(2020/04/08～2020/05/26)、再開(2020/05/27～)
586,東京都品川区東大井1-2-16,パーラーJ 鮫洲店,休業(2020/04/25～2020/05/14)、再開(2020/05/15～)
587,東京都品川区南大井1-6-10加藤ビル,パーラーJ 大井競馬場通り店,休業(2020/04/25～2020/05/14)、再開(2020/05/15～)
588,東京都品川区大井1-6-1,パーラーJ 大井町店,休業(2020/04/25～2020/05/14)、再開(2020/05/15～)
589,東京都品川区東大井5-15-4ゼムスビル,ビッグディッパー 大井町店,休業(2020/04/08～2020/05/26)、再開(2020/05/27～)
590,東京都品川区平塚1-8-5①,フルハウス 戸越銀座店,休業(2020/04/11～2020/05/25)、再開(2020/05/26～)
591,東京都品川区戸越6-6-6三栄第1ビル,フルハウス 戸越公園店,休業(2020/04/11～2020/05/25)、再開(2020/05/26～)
592,東京都品川区東中延2-9-11第一商事ビル,フルハウス 中延店,休業(2020/04/11～2020/05/25)、再開(2020/05/26～)
593,東京都品川区戸越6-23-19ミナトビル,ミナト 戸越店,休業(2020/04/13～2020/05/25)、再開(2020/05/26～)
594,東京都品川区東大井5-13-1かんべ土地ビル,大井ニュー東京 東口店,休業(2020/04/08～2020/05/26)、再開(2020/05/27～)
595,東京都品川区小山6-4-6シップス西小山,日の丸 西小山店,休業(2020/04/25～2020/05/15、2020/05/20～2020/05/24)、再開(2020/05/25～)
596,東京都府中市府中町1-7-2高橋ビル2F,(S)チカサク2 府中店,休業(2020/04/08～2020/05/27)、再開(2020/05/28～)
597,東京都府中市片町2-21-14分倍河原駅前ビル,ガイア 分倍河原店,休業(2020/04/08～2020/05/25)、再開(2020/05/26～)
598,東京都府中市宮西町1-2-1,キコーナ 府中店,休業(2020/04/08～2020/05/28)、再開(2020/05/29～)
599,東京都府中市西原町1-4-5,クリエ 府中西原店,休業(2020/04/11～2020/05/25)、再開(2020/05/26～)
600,東京都府中市宮町1-50くるる府中1F,スパークル 府中店,休業(2020/04/08～2020/05/27)、再開(2020/05/28～)
601,東京都府中市本町1-13-3(旧)イトーヨーカドー,スパークル2 府中本町駅前店,休業(2020/04/08～2020/05/27)、再開(2020/05/28～)
602,東京都府中市府中町1-7-2高橋ビル1F、B1,チカサク 府中店,休業(2020/04/08～2020/05/27)、再開(2020/05/28～)
603,東京都府中市住吉町2-2-6,ドキわくランド 中河原店,休業(2020/04/09～2020/05/28)、再開(2020/05/29～)
604,東京都府中市四谷5-36-8,ニューアサヒ 府中四谷店,休業(2020/04/08～2020/05/26)、再開(2020/05/27～)
605,東京都府中市若松町1-3-5,パチンコ7 東府中店,休業(～2020/05/26)、再開(2020/05/27～)
606,東京都府中市西原町1-14-5丸福ビル,ビーム 府中西原店,休業(2020/04/26～2020/05/21)、再開(2020/05/22～)
607,東京都武蔵村山市三ツ藤1-90-1,(S)ビーム 武蔵村山店,休業(2020/04/26～2020/05/21)、再開(2020/05/22～)
608,東京都武蔵村山市伊奈平2-66,SAP 武蔵村山店,休業(2020/04/11～2020/05/25)、再開(2020/05/26～)
609,東京都武蔵村山市伊奈平2-32-4,トワーズ 武蔵村山店,休業(2020/04/11～2020/05/25)、再開(2020/05/26～)
610,東京都武蔵村山市伊奈平2-75-1,ニラク 武蔵村山伊奈平店,休業(2020/04/08～2020/05/27)、再開(2020/05/28～)
611,東京都武蔵野市吉祥寺南町1-1-2大竹ビル,(S)グリンピース 吉祥寺店,休業(2020/04/08～2020/05/26)、再開(2020/05/27～)
612,東京都武蔵野市吉祥寺南町2-3-16東亜会館,G-ONE 吉祥寺店,休業(～2020/05/25)、再開(2020/05/26～)
613,東京都武蔵野市境2-2-21サンセイビル,ジャンバリン 武蔵境店,閉店(～2020/04/20)
614,東京都武蔵野市境1-2-3後藤本社ビル,ダイナム 武蔵境店,休業(2020/04/07～2020/05/28)、再開(2020/05/29～)
615,東京都武蔵野市中町1-13-7,テンガイ 三鷹店,休業(2020/04/08～2020/05/25)、再開(2020/05/26～)
616,東京都武蔵野市吉祥寺本町1-24-7光ビル,パラッツォ 吉祥寺イースト店,休業(2020/04/08～2020/05/25)、再開(2020/05/26～)
617,東京都武蔵野市吉祥寺本町1-3-7YSビル,パラッツォ 吉祥寺ウエスト店,休業(2020/04/08～2020/05/25)、再開(2020/05/26～)
618,東京都武蔵野市吉祥寺本町1-8-4コスモビルB1,ベルファン 吉祥寺店,休業(2020/04/25～2020/05/06)、再開(2020/05/07～)
619,東京都武蔵野市境1-2-22メッセ武蔵境ビル,メッセ 武蔵境店,休業(2020/04/08～2020/05/25)、再開(2020/05/26～)
620,東京都福生市武蔵野台2-3-16,チャレンジャー 福生店,休業(2020/04/27～2020/05/06)、再開(2020/05/07～)
621,東京都福生市熊川1396-2熊川ビル,チャレンジャー7 拝島店,休業(2020/04/27～2020/05/06)、再開(2020/05/07～)
622,東京都文京区小石川1-11-13新香園ビル,(S)スプリングハート 小石川店,休業(2020/04/11～2020/05/25)、再開(2020/05/26～)
623,東京都文京区関口1-1-6新星ビル,(S)ワイワイ2 江戸川橋店,休業(2020/04/25～2020/05/06)、再開
624,東京都豊島区東池袋1-11-11ホテル ホワイトシティ1F,(S)TOHO 池袋店,休業(2020/04/27～2020/05/08)、再開(2020/05/11～)
625,東京都豊島区南長崎5-27-8,(S)W 東長崎店,休業、再開
626,東京都豊島区東池袋1-42-4栃木屋本店ビル,(S)やすだ 東池袋9号店,休業(2020/04/08～2020/05/25)、再開(2020/05/26～)
627,東京都豊島区西池袋1-36-1ジョイビル,(S)グリンピース 池袋西口店,休業(2020/04/08～2020/05/26)、再開(2020/05/27～)
628,東京都豊島区東池袋1-39-8,(S)グリンピース 池袋東口店,休業(2020/04/08～2020/05/26)、再開(2020/05/27～)
629,東京都豊島区東池袋1-43-6Dボックス1F①,(S)フォーション 池袋店,休業(2020/04/11～2020/05/26)、再開(2020/05/27～)
630,東京都豊島区西池袋1-22-8,(S)甲子園 池袋店,休業(2020/04/08～2020/05/28)、再開(2020/05/29～)
631,東京都豊島区要町3-37-5内田ビル,(S)龍龍ネクステージ 千川店,休業(2020/04/11～2020/05/25)、再開(2020/05/26～)
632,東京都豊島区南池袋1-21-2ヒューマックスパビリオン,P-PORT プレゴEX 池袋南口店,休業(2020/04/11～2020/05/28)、再開(2020/05/29～)
633,東京都豊島区要町1-2-17,TOHO 要町店,休業(2020/04/27～2020/05/08)、再開(2020/05/11～)
634,東京都豊島区南大塚1-52-4大塚レジャービル,ひょうたん島 大塚店,休業(2020/04/11～2020/05/28)、再開(2020/05/29～)
635,東京都豊島区西池袋1-36-3,やすだ 西池袋6号店,休業(2020/04/08～2020/05/25)、再開(2020/05/26～)
636,東京都豊島区東池袋1-42-2安田屋東口ビル,やすだ 東池袋7号店,休業(2020/04/08～2020/05/25)、再開(2020/05/26～)
637,東京都豊島区北大塚2-15-10ジェンエイビル,ガイア 大塚北口店,休業(2020/04/08～2020/05/25)、再開(2020/05/26～)
638,東京都豊島区巣鴨1-15-1,クラブニューヨーク 巣鴨店,休業(2020/04/25～2020/05/25)、再開(2020/05/26～)
639,東京都豊島区南大塚3-34-10,サンドラ 大塚店,休業(2020/04/25～2020/05/06、2020/05/13～2020/05/25)、再開(2020/05/26～)
640,東京都豊島区東池袋1-9-3,ジャパンニューアルファ 池袋店,休業(2020/04/08～2020/05/25)、再開(2020/05/26～)
641,東京都豊島区駒込2-15-8,スポスポ 駒込店,休業(2020/04/22～2020/05/27)、再開(2020/05/28～)
642,東京都豊島区駒込1-29-4,スリーセブン 駒込店,休業(2020/04/22～2020/05/27)、再開(2020/05/28～)
643,東京都豊島区巣鴨2-4-13日東マンション,ニュー太平 巣鴨店,休業(2020/04/23～2020/05/27)、再開(2020/05/28～)
644,東京都豊島区長崎1-3-12,パール 椎名町店,休業(2020/04/11～2020/05/28)、再開(2020/05/29～)
645,東京都豊島区要町3-44-2,パラッツォ 千川店,休業(2020/04/08～2020/05/25)、再開(2020/05/26～)
646,東京都豊島区東池袋1-29-1,ピア 池袋店,休業(2020/04/08～2020/05/28)、再開(2020/05/29～)
647,東京都豊島区西池袋3-30-13岸野ビル,フィーバー 池袋西口店,休業(2020/04/11～2020/05/25)、再開(2020/05/26～)
648,東京都豊島区東池袋1-43-4マルハン池袋ビル,マルハン 池袋店,休業(2020/04/08～2020/05/28)、再開(2020/05/29～)
649,東京都豊島区南長崎5-25-16,メデューサ 東長崎店,休業(2020/04/25～)、再開
650,東京都豊島区南池袋1-24-5,楽園 池袋店,休業(2020/04/08～2020/05/28)、再開(2020/05/29～)
651,東京都豊島区西池袋1-36-4SIコンソートビル,甲子園パール 池袋店,休業(2020/04/08～2020/05/28)、再開(2020/05/29～)
652,東京都豊島区巣鴨2-5-4巣鴨会館ビル,巣鴨会館,休業(2020/04/11～2020/05/27)、再開(2020/05/28～)
653,東京都豊島区西池袋1-28-6大和産業ビル1F,富士 池袋店,休業(2020/04/25～2020/05/25)、再開(2020/05/26～)
654,東京都豊島区池袋2-8-1,遊大陸 池袋店,休業(2020/04/25～)、再開
655,東京都北区赤羽1-3-9リーエンタープライズビル,(S)ウイング 赤羽店,休業(2020/04/11～2020/05/27)、再開(2020/05/28～)
656,東京都北区赤羽1-8-3,(S)マルシェ 赤羽店,休業(2020/04/08～2020/05/27)、再開(2020/05/28～)
657,東京都北区王子1-18-8シルバー会館,(S)龍龍 王子店,休業(2020/04/11～2020/05/25)、再開(2020/05/26～)
658,東京都北区王子1-18-5アークホテル1F,DAS 王子店,休業(2020/04/25～)、再開
659,東京都北区東十条4-1-10,DAS 東十条店,休業(2020/04/25～)、再開
660,東京都北区赤羽1-7-4赤羽興業ビル,K-1 赤羽店,休業(2020/04/11～2020/05/27)、再開(2020/05/28～)
661,東京都北区赤羽西1-7-1パルロード3①,ことぶき 赤羽店,休業(2020/04/11～2020/05/26)、再開(2020/05/27～)
662,東京都北区赤羽西1-6-1パルロード2,アジアセンター 赤羽店,休業(2020/04/11～2020/05/27)、再開(2020/05/28～)
663,東京都北区上十条2-24-11,アバンザ 十条店,休業(2020/04/25～2020/05/26)、再開(2020/05/27～)
664,東京都北区東十条4-2-13ガーデン東十条ビル,ガーデン 東十条店,休業(2020/04/28～2020/05/06、2020/05/12～2020/05/13)、再開(2020/05/14～)
665,東京都北区赤羽南1-7-2昇征ビル,キングス 赤羽店,休業(2020/04/11～2020/05/27)、再開(2020/05/28～)
666,東京都北区十条仲原1-4-8,グランディ 十条店,休業(2020/04/25～2020/05/26)、再開(2020/05/27～)
667,東京都北区王子1-9-5京徳ビル,ジュラク 王子店,休業(2020/04/11～2020/05/31)、再開(2020/06/01～)
668,東京都北区王子1-18-11,ジュラク2 王子店,休業(2020/04/11～2020/05/31)、再開(2020/06/01～)
669,東京都北区王子1-18-1飛鳥ビル,ジュラク3 王子店,休業(2020/04/11～2020/05/31)、再開(2020/06/01～)
670,東京都北区赤羽1-3-5第2羅針盤ビル,ニュークラウン 赤羽店,休業(2020/04/11～2020/05/27)、再開(2020/05/28～)
671,東京都北区昭和町2-5-3ライスビレッジビル,ピーアップル 尾久店,休業(2020/04/27～2020/05/06)、再開(2020/05/07～)
672,東京都北区昭和町2-1-28,プライム 尾久店,休業(2020/04/21～2020/05/15、2020/05/21～2020/05/24)、再開(2020/05/25～)
673,東京都北区東十条4-4-1タカダビル,ベラジオ 東十条店,休業(2020/04/17～2020/05/06、2020/05/10～)、再開
674,東京都北区赤羽1-5-4新丸久ビル,マックス 赤羽店,休業(2020/04/11～2020/05/27)、再開(2020/05/28～)
675,東京都北区田端6-2-33,将軍 田端店,休業(2020/04/11～2020/05/28)、再開(2020/05/29～)
676,東京都墨田区江東橋3-9-17,(S)みとや ジャックポット錦糸町店,休業(2020/04/08～2020/05/26)、再開(2020/05/27～)
677,東京都墨田区両国3-25-8大黒ビル2F,(S)スロットX P-2 両国店,休業(2020/04/05～2020/05/28)、再開(2020/05/29～)
678,東京都墨田区両国3-26-8ニュー大黒ビル,(S)スロットX 両国店,休業(2020/04/05～2020/05/28)、再開(2020/05/29～)
679,東京都墨田区江東橋3-10-4,(S)スロット京葉 錦糸町店,休業(2020/04/25～2020/05/15)、再開(2020/05/16～)
680,東京都墨田区江東橋3-9-16,(S)日の丸 錦糸町店 スロット館,休業(2020/04/25～2020/05/15、2020/05/20～2020/05/24)、再開(2020/05/25～)
681,東京都墨田区両国3-25-8大黒ビル1F,PX 両国店,休業(2020/04/05～2020/05/28)、再開(2020/05/29～)
682,東京都墨田区江東橋3-6-6,みとや 錦糸町南口店,休業(2020/04/08～2020/05/26)、再開(2020/05/27～)
683,東京都墨田区錦糸3-3-4,みとや 錦糸町北口店,休業(2020/04/08～2020/05/26)、再開(2020/05/27～)
684,東京都墨田区両国2-21-8,アスカ 両国店,休業(2020/04/23～2020/05/16)、再開(2020/05/17～)
685,東京都墨田区東墨田2-8-5アリーナビル,エクス・アリーナ東京,休業(2020/04/08～2020/05/25)、再開(2020/05/26～)
686,東京都墨田区東向島2-30-12,ガイア 曳舟店,休業(2020/04/08～2020/05/25)、再開(2020/05/26～)
687,東京都墨田区東向島4-41-6,ガム 曳舟店,休業(2020/04/25～2020/05/25)、再開(2020/05/26～)
688,東京都墨田区押上1-12-8,スターダスト 押上店,休業(2020/04/25～2020/05/06、2020/05/13～2020/05/25)、再開(2020/05/26～)
689,東京都墨田区江東橋4-25-5鈴木ビル,パトリオットM 錦糸町店,休業(2020/04/08～2020/05/26)、再開(2020/05/27～)
690,東京都墨田区錦糸2-3-11,パンドラ 錦糸町北口店,休業(2020/04/11～2020/05/25)、再開(2020/05/26～)
691,東京都墨田区業平3-17-9マルホンビル,マルホン 押上店,休業(2020/04/11～2020/05/20)、再開(2020/05/21～)
692,東京都墨田区菊川3-7-1,菊川会館,休業(2020/04/09～)、再開
693,東京都墨田区江東橋3-9-20,日の丸 錦糸町店 パチンコ館,休業(2020/04/25～2020/05/15、2020/05/20～2020/05/24)、再開(2020/05/25～)
694,東京都目黒区鷹番3-1-10牡丹ビルB1,(S)G2 学芸大学店,休業(2020/04/08～2020/05/27)、再開(2020/05/28～)
695,東京都目黒区自由が丘1-12-10,(S)マグマ 自由が丘店,休業(2020/04/25～2020/05/22)、再開(2020/05/23～)
696,東京都目黒区上目黒3-7-6,(S)マツヤ スロットゾーン 中目黒店,休業(2020/04/08～2020/05/27)、再開(2020/05/28～)
697,東京都目黒区自由が丘1-13-11,P-PORT プレゴ 自由が丘店,休業(2020/04/20～2020/05/28)、再開(2020/05/29～)
698,東京都目黒区自由が丘1-14-7,オリエンタル・パサージュ 自由が丘店,休業(2020/04/23～2020/05/19)、再開(2020/05/20～)
699,東京都目黒区鷹番3-1-6,スーパーセブン 学芸大学店,休業(2020/04/09～2020/05/29)、再開(2020/05/30～)
700,東京都目黒区上目黒3-7-11松村ビル,マツヤ 本店,休業(2020/04/08～2020/05/27)、再開(2020/05/28～)
701,東京都目黒区鷹番3-9-9,ミナミ 学芸大学店,休業(2020/04/23～2020/05/25)、再開(2020/05/26～)
702,東京都目黒区原町1-9-3原町ビル,将軍 西小山店,休業(2020/04/11～2020/05/28)、再開(2020/05/29～)
703,東京都目黒区上目黒1-19-8,日の丸 中目黒店,休業(2020/04/25～2020/05/15、2020/05/20～2020/05/24)、再開(2020/05/25～)
704,東京都目黒区中根1-3-4益戸ビル,日の丸 都立大店,休業(2020/04/25～2020/05/15、2020/05/20～2020/05/24)、再開(2020/05/25～)
705,東京都目黒区祐天寺2-2-6山本ビル,万両 祐天寺店,休業(2020/04/11～2020/06/07)、再開(2020/06/08～)
706,東京都立川市幸町1-35-1SAP立川ビル2,(S)SAP 立川店 スロット館,休業(2020/04/11～2020/05/25)、再開(2020/05/26～)
707,東京都立川市柴崎町3-7-5ヒューマックスパビリオン,P-PORT プレゴ 立川店,休業(2020/04/11～2020/05/27)、再開(2020/05/28～)
708,東京都立川市幸町1-35-7SAP立川ビル1,SAP 立川店 パチンコ館,休業(2020/04/11～2020/05/25)、再開(2020/05/26～)
709,東京都立川市錦町1-4-27立川オスロービル,グランドセブン 立川店,休業(2020/04/09～2020/05/29)、再開(2020/05/30～)
710,東京都立川市曙町2-4-5NIS立川駅前ビル,スーパーD'ステーション 立川店,休業(2020/04/08～2020/05/25)、再開(2020/05/26～)
711,東京都立川市富士見町6-47-17,トワーズ 立川店,休業(2020/04/11～2020/05/25)、再開(2020/05/26～)
712,東京都立川市柴崎町3-6-2アレアレア1,ハイパージアス 立川店,休業(2020/04/08～2020/05/25)、再開(2020/05/26～)
713,東京都練馬区豊玉北5-19-2,(S)オーシャン 練馬スロット専門館,休業(2020/04/08～2020/05/26)、再開(2020/05/27～)
714,東京都練馬区石神井町4-1-13,(S)ミリオン 石神井公園店 スロット館,休業(2020/04/09～2020/05/26)、再開(2020/05/27～)
715,東京都練馬区東大泉1-30-12F,(S)日の出会館 スロット 大泉学園店,休業(2020/04/08～2020/05/28)、再開(2020/05/29～)
716,東京都練馬区栄町27-5,(S)龍龍 江古田店,休業(2020/04/11～2020/05/25)、再開(2020/05/26～)
717,東京都練馬区練馬1-20-1,Dスタイル 練馬4号店,休業、再開
718,東京都練馬区旭丘1-76-7,やすだ 江古田店,休業(2020/04/08～2020/05/25)、再開(2020/05/26～)
719,東京都練馬区石神井町3-17-19ジュエリービル,アット 石神井公園店,休業(2020/04/23～2020/05/25)、再開(2020/05/26～)
720,東京都練馬区豊玉北5-19-5,オーシャン 練馬パチンコ専門館,休業(2020/04/08～2020/05/26)、再開(2020/05/27～)
721,東京都練馬区高野台1-5-4デコラート高野台ビル,ガイア 高野台店,休業(2020/04/08～2020/05/25)、再開(2020/05/26～)
722,東京都練馬区東大泉1-30-5芳月ビル,ガイア 大泉学園店,休業(2020/04/08～2020/05/25)、再開(2020/05/26～)
723,東京都練馬区貫井3-8-1第1大同ビル,ガイア 富士見台南口店,休業(2020/04/08～2020/05/25)、再開(2020/05/26～)
724,東京都練馬区貫井1-2-1中村橋サンパレス,キング 中村橋店,休業(2020/04/08～2020/06/11)、再開(2020/06/12～)
725,東京都練馬区光が丘3-9-1,コスモ 光が丘店,休業(2020/04/11～2020/05/06、2020/05/10～2020/05/25)、再開(2020/05/26～)
726,東京都練馬区上石神井1-14-6,コンドル 上石神井店,休業(2020/04/24～2020/05/26)、再開(2020/05/27～)
727,東京都練馬区関町北2-28-15第12平和ビル,サンコー 関町店,休業(2020/04/08～2020/05/26)、再開(2020/05/27～)
728,東京都練馬区関町北4-2-13,スーパーセブン 武蔵関店,休業(2020/04/09～2020/05/29)、再開(2020/05/30～)
729,東京都練馬区旭町1-8-1サンフラワー徳力,チャレンジャー 光が丘店,休業(2020/04/27～2020/05/06)、再開(2020/05/07～)
730,東京都練馬区練馬1-19-2,ニューかめ 練馬店,閉店(～2020/04/10)
731,東京都練馬区貫井4-47-43,ニューグランド 貫井店,休業(2020/04/25～2020/05/06)、再開(2020/05/07～)
732,東京都練馬区土支田1-29-7,ニューグランド 土支田店,休業(2020/04/25～2020/05/06)、再開(2020/05/07～)
733,東京都練馬区上石神井1-14-4,ミリオン 上石神井5号店,休業(2020/04/09～2020/05/26)、再開(2020/05/27～)
734,東京都練馬区石神井町3-25-21ライオンズマンション石神井公園1F①,ミリオン 石神井公園店 パチンコ館,休業(2020/04/09～2020/05/26)、再開(2020/05/27～)
735,東京都練馬区石神井町3-25-21ライオンズマンション石神井公園1F②,ミリオン 石神井公園店 ライト館,休業(2020/04/09～2020/05/26)、再開(2020/05/27～)
736,東京都練馬区北町2-36-23,ミリオン 東武練馬12号店,休業(2020/04/09～2020/05/26)、再開(2020/05/27～)
737,東京都練馬区北町2-21-9,ミリオン 東武練馬13号店,休業(2020/04/09～2020/05/26)、再開(2020/05/27～)
738,東京都練馬区氷川台3-40-15ガーデン氷川台ハイム,ミリオン 氷川台11号店,閉店(～2020/04/08)
739,東京都練馬区北町6-32-3,ミリオン 平和台16号店,休業(2020/04/09～2020/05/26)、再開(2020/05/27～)
740,東京都練馬区早宮2-17-35,ミリオン 平和台21号店,休業(2020/04/09～2020/05/26)、再開(2020/05/27～)
741,東京都練馬区中村北3-11-5,国際センター 中村橋店,休業(2020/04/18～2020/05/26)、再開(2020/05/27～)
742,東京都練馬区旭丘1-72-1,日の丸 江古田店,休業(2020/04/25～2020/05/15、2020/05/20～2020/05/24)、再開(2020/05/25～)
743,東京都練馬区東大泉1-30-11F,日の出会館 パチンコ 大泉学園店,休業(2020/04/08～2020/05/28)、再開(2020/05/29～)
